{"originationId": "021c842d4db5ad984d732ab57f5439cb", "clientId": "06110ad42c7521723babdb83657d0696", "registerDate": "2021-01-28T00:00:00", "installments": [{"installmentId": "d5a2b6179f0aa49cd919658af2287635", "dueDate": "2021-11-25T00:00:00", "installmentValue": "24.99"}, {"installmentId": "e6d209d67fd5cc87dd4d532d1f4d7da9", "dueDate": "2021-10-25T00:00:00", "installmentValue": "24.99"}, {"installmentId": "7896227ac320ce76cc11d38787d76b09", "dueDate": "2021-12-25T00:00:00", "installmentValue": "24.97"}, {"installmentId": "4d89868d1ced23031cc48c0a5e523f4c", "dueDate": "2021-05-25T00:00:00", "installmentValue": "42.99"}, {"installmentId": "d6b33308c7a0ad27cc9a3208921e2c16", "dueDate": "2021-07-25T00:00:00", "installmentValue": "42.99"}, {"installmentId": "3c6f81e55ebca6e8fae44507d3657b26", "dueDate": "2021-09-25T00:00:00", "installmentValue": "24.99"}, {"installmentId": "cc5ebe9895398b9e6ac383a463aa3806", "dueDate": "2021-08-25T00:00:00", "installmentValue": "24.99"}, {"installmentId": "8c4a3f1814c12aa0358c92d232085d72", "dueDate": "2021-03-25T00:00:00", "installmentValue": "42.99"}, {"installmentId": "e69fb29b3122942b90f44c9efd70b91a", "dueDate": "2021-06-25T00:00:00", "installmentValue": "42.99"}, {"installmentId": "93e724d752298a57f61098074a6f2a8c", "dueDate": "2021-04-25T00:00:00", "installmentValue": "42.99"}]}