{"originationId": "03d244622312fb5c2893dd33e94ce553", "clientId": "53d430e305696e5408f3bbe05acda641", "registerDate": "2021-05-01T00:00:00", "installments": [{"installmentId": "b51002666f9154629e8c1f767962bac5", "dueDate": "2021-10-10T00:00:00", "installmentValue": "157.94"}, {"installmentId": "3e0fca6b12a6480f50709aad6720b60a", "dueDate": "2021-09-10T00:00:00", "installmentValue": "157.95"}, {"installmentId": "ff1908e9283ddcd4439a9eec8a31fbd7", "dueDate": "2021-08-10T00:00:00", "installmentValue": "157.95"}, {"installmentId": "799cbd2b21f91f1c0dc2272e0182cf8d", "dueDate": "2021-06-10T00:00:00", "installmentValue": "157.95"}, {"installmentId": "811dfd9a2564127b3e30635a0470a7d9", "dueDate": "2021-07-10T00:00:00", "installmentValue": "157.95"}]}