{"originationId": "0421e2482c78cd97d216f7ee9eaa5685", "clientId": "21319a46363cf4a85c2b070e720cd7ad", "registerDate": "2021-01-29T00:00:00", "installments": [{"installmentId": "d4cd6cd0e738546f4b78752aebc59541", "dueDate": "2021-07-15T00:00:00", "installmentValue": "60.00"}, {"installmentId": "27fc6d1a785406d4e08f744b72aaafc9", "dueDate": "2021-04-15T00:00:00", "installmentValue": "59.99"}, {"installmentId": "444030c73cc75c714e5a19f8b0a9edfb", "dueDate": "2021-06-15T00:00:00", "installmentValue": "59.99"}, {"installmentId": "47f302d2bec5a7e587433508acc874da", "dueDate": "2021-03-15T00:00:00", "installmentValue": "59.99"}, {"installmentId": "c4f7a37377cd8a74d3429430569eaa77", "dueDate": "2021-05-15T00:00:00", "installmentValue": "59.99"}]}