{"originationId": "06f44d45c53b4d4e5d3f1e2a22943bf8", "clientId": "76bd13c9636958d2983551e08b9dffe6", "registerDate": "2021-04-06T00:00:00", "installments": [{"installmentId": "8780ba0b5d0c781c161bb4a10f463518", "dueDate": "2021-09-13T00:00:00", "installmentValue": "48.00"}, {"installmentId": "1fcbc748af618ce6935c8336e82bdd5c", "dueDate": "2021-06-13T00:00:00", "installmentValue": "47.99"}, {"installmentId": "008907f9d0087f317cb4ce74a3cabc44", "dueDate": "2021-05-13T00:00:00", "installmentValue": "47.99"}, {"installmentId": "faf2606c86e07ed98b99afbce4af5ca2", "dueDate": "2021-08-13T00:00:00", "installmentValue": "47.99"}, {"installmentId": "66f04934cee3c21b419520d40776fa63", "dueDate": "2021-07-13T00:00:00", "installmentValue": "47.99"}]}