{"originationId": "0a51d91be73bf73749f51b4017e10942", "clientId": "ee6701a28488228a79a095e9cd5bf1c8", "registerDate": "2021-04-09T00:00:00", "installments": [{"installmentId": "1912e2180cab1d822afef8979ac3dd9b", "dueDate": "2021-06-15T00:00:00", "installmentValue": "37.08"}, {"installmentId": "2db768e607887fbb7510b3c437dbd011", "dueDate": "2021-09-15T00:00:00", "installmentValue": "37.08"}, {"installmentId": "174ef8424b1a2dd2a30fbff8faaf240d", "dueDate": "2021-07-15T00:00:00", "installmentValue": "37.08"}, {"installmentId": "a40323cd04aafb23167cde41910b8a23", "dueDate": "2021-08-15T00:00:00", "installmentValue": "37.08"}, {"installmentId": "9e0368eeb25523554e64d0dd5f6ea479", "dueDate": "2021-05-15T00:00:00", "installmentValue": "37.08"}]}