{"originationId": "0b14c011b0056b74ca9aab7d3e84ed64", "clientId": "3fcc43605a621c2f1eaf923292bb0363", "registerDate": "2021-06-28T00:00:00", "installments": [{"installmentId": "5a141c180b5b6b582925c1801b909190", "dueDate": "2021-11-10T00:00:00", "installmentValue": "31.59"}, {"installmentId": "b94da5e3a7b91bceaaf10ad1299e20f3", "dueDate": "2021-08-10T00:00:00", "installmentValue": "31.59"}, {"installmentId": "822092f2b3dfeae9c0d060ec4033c548", "dueDate": "2021-10-10T00:00:00", "installmentValue": "31.59"}, {"installmentId": "88d849a69ca95448cc3faaf2c8bdcdcd", "dueDate": "2021-09-10T00:00:00", "installmentValue": "31.59"}, {"installmentId": "2adddbb03742df87cde0660ab27c4b65", "dueDate": "2021-12-10T00:00:00", "installmentValue": "31.59"}]}