{"originationId": "0b356c2680acd4715e5f06ff314dd3e5", "clientId": "9e228fa6fb71b076b03002e725f48a40", "registerDate": "2021-05-19T00:00:00", "installments": [{"installmentId": "428f3d3a445f5169d6cc8c9b2f1e33b3", "dueDate": "2022-04-25T00:00:00", "installmentValue": "148.34"}, {"installmentId": "f9d1679fb93c4707f1e5e55f8758c637", "dueDate": "2021-09-25T00:00:00", "installmentValue": "148.37"}, {"installmentId": "9c5f3d9e9e1226157a5c021b1b1eedb3", "dueDate": "2021-12-25T00:00:00", "installmentValue": "148.37"}, {"installmentId": "7b9c7b4eb5d2d89b217c5a007c83fe98", "dueDate": "2022-02-25T00:00:00", "installmentValue": "148.37"}, {"installmentId": "f802ed07688fcba5c95764af8af90e45", "dueDate": "2021-10-25T00:00:00", "installmentValue": "148.37"}, {"installmentId": "e8fdff57f6ef07173b63b19ee0e57722", "dueDate": "2022-03-25T00:00:00", "installmentValue": "148.37"}, {"installmentId": "b1c853f04fc702810fce2d625bea7b50", "dueDate": "2021-08-25T00:00:00", "installmentValue": "148.37"}, {"installmentId": "77699259e0dd5117ba96a760196cd330", "dueDate": "2022-01-25T00:00:00", "installmentValue": "148.37"}, {"installmentId": "c3f9e87173265ca7189bc02a066608f1", "dueDate": "2021-11-25T00:00:00", "installmentValue": "148.37"}, {"installmentId": "dcfc356ac348b480deb07edb8a2bc3d8", "dueDate": "2021-07-25T00:00:00", "installmentValue": "148.37"}]}