{"originationId": "0b90d89f0561cb466c7024c1aa4b8264", "clientId": "707ffec7c6185f4dcef822a5939cdabf", "registerDate": "2021-06-22T00:00:00", "installments": [{"installmentId": "e6a0a3df1f275588e6ff961ee58035e7", "dueDate": "2021-09-28T00:00:00", "installmentValue": "68.31"}, {"installmentId": "18c8c02bf68d2d88af10c9ab8f502d3b", "dueDate": "2021-08-28T00:00:00", "installmentValue": "68.31"}, {"installmentId": "32b709e1a572a22514d5435dbb3a39ed", "dueDate": "2021-10-28T00:00:00", "installmentValue": "68.31"}]}