{"originationId": "0e060af0b23de263d2b9911673fb26c9", "clientId": "0c7528f449db1dc6073f5251aca573cd", "registerDate": "2021-04-23T00:00:00", "installments": [{"installmentId": "c74fe6bbb9c8f3d8dbc058846d61621f", "dueDate": "2021-08-10T00:00:00", "installmentValue": "46.32"}, {"installmentId": "16918e5fe8121ac85e8d80a8cf75472d", "dueDate": "2021-06-10T00:00:00", "installmentValue": "46.31"}, {"installmentId": "30526449579edec65315b218c9b46212", "dueDate": "2021-07-10T00:00:00", "installmentValue": "46.31"}]}