{"originationId": "0e0bdd2b5c7e7579a978fd1074ad459b", "clientId": "5c3ace5cbc999f8ef4dac732012da04c", "registerDate": "2021-04-03T00:00:00", "installments": [{"installmentId": "c329da9e0a26e30381c6aeaf82e1a380", "dueDate": "2021-06-20T00:00:00", "installmentValue": "39.58"}, {"installmentId": "37076ab1059a7dad5a7ddfa9f37a8c33", "dueDate": "2021-08-20T00:00:00", "installmentValue": "39.60"}, {"installmentId": "0211bab28e5a13fe6358b8c972516c7d", "dueDate": "2021-04-20T00:00:00", "installmentValue": "39.58"}, {"installmentId": "955ca5157c31eabff90245f82b9fd3c7", "dueDate": "2021-05-20T00:00:00", "installmentValue": "39.58"}, {"installmentId": "ace31312dfc94deb8cd1ad9b4e49a8c8", "dueDate": "2021-07-20T00:00:00", "installmentValue": "39.58"}]}