{"originationId": "0e0b15231f413112e236d37e85637b05", "clientId": "f0405de9477f9210a84bc53548b09a95", "registerDate": "2021-06-22T00:00:00", "installments": [{"installmentId": "b5d5888939540b9f91421b8b2ab63bcf", "dueDate": "2021-12-15T00:00:00", "installmentValue": "52.02"}, {"installmentId": "a767ade8fb70a28b6f63cf8503955248", "dueDate": "2021-08-15T00:00:00", "installmentValue": "52.02"}, {"installmentId": "aa71c6cbe3760ec57f91b8552b885fbc", "dueDate": "2022-04-15T00:00:00", "installmentValue": "52.02"}, {"installmentId": "d6d9c14d573f26440153d7d9d91632bf", "dueDate": "2021-11-15T00:00:00", "installmentValue": "52.02"}, {"installmentId": "93a0e42fe6f059c754d1a69f0ef9b993", "dueDate": "2022-03-15T00:00:00", "installmentValue": "52.02"}, {"installmentId": "83445807c60621dc21113a40a61a7ee0", "dueDate": "2022-01-15T00:00:00", "installmentValue": "52.02"}, {"installmentId": "22cb35924f7fdc3b423bf5a272b37abf", "dueDate": "2021-10-15T00:00:00", "installmentValue": "52.02"}, {"installmentId": "7e68212dffb014568feac9d8492c2535", "dueDate": "2022-05-15T00:00:00", "installmentValue": "52.01"}, {"installmentId": "756480e1a3116f719dafa80bf8b96746", "dueDate": "2022-02-15T00:00:00", "installmentValue": "52.02"}, {"installmentId": "5555489135229f3c7792fcabc13648dc", "dueDate": "2021-09-15T00:00:00", "installmentValue": "52.02"}]}