{"originationId": "0e69e772e68e1861c31d698d7f303832", "clientId": "ad826da9c44440770a69bb29dc5b476c", "registerDate": "2021-06-26T00:00:00", "installments": [{"installmentId": "2c0562bf7bc22a415e5be1e307b42828", "dueDate": "2021-12-10T00:00:00", "installmentValue": "42.98"}, {"installmentId": "614036c5fe77487f94fea15c368ab0af", "dueDate": "2021-10-10T00:00:00", "installmentValue": "42.98"}, {"installmentId": "7b5590aa2a6bedd645fe496d8ebdd8b6", "dueDate": "2021-11-10T00:00:00", "installmentValue": "42.98"}, {"installmentId": "bd5815f05e41afd30dc6bf11b72b4171", "dueDate": "2021-08-10T00:00:00", "installmentValue": "42.98"}, {"installmentId": "3cdde9cc536427fe1a0ff470e4be6457", "dueDate": "2022-02-10T00:00:00", "installmentValue": "42.98"}, {"installmentId": "84bfb09dbdde7305a852ff4766ae63d6", "dueDate": "2022-05-10T00:00:00", "installmentValue": "42.99"}, {"installmentId": "6e31ca51738146d80e61f9b9a860ab49", "dueDate": "2021-09-10T00:00:00", "installmentValue": "42.98"}, {"installmentId": "7d476b70e084c87cf08d27448f10ed18", "dueDate": "2022-04-10T00:00:00", "installmentValue": "42.98"}, {"installmentId": "b204f3e72b0d1460c1a4b23bb3b91012", "dueDate": "2022-01-10T00:00:00", "installmentValue": "42.98"}, {"installmentId": "d455bed78c0669ea0e9db579c654f7c1", "dueDate": "2022-03-10T00:00:00", "installmentValue": "42.98"}]}