{"originationId": "0ffd23aac33f4244912e1f630de8beaf", "clientId": "853a5bf8cbcfb7fea8757ed5c041bee9", "registerDate": "2021-05-05T00:00:00", "installments": [{"installmentId": "b5b5ef1cd6c949cc77e78e9cd8d5fbd1", "dueDate": "2021-11-30T00:00:00", "installmentValue": "41.71"}, {"installmentId": "4652ae0aa8743b8682f1dd450bf91624", "dueDate": "2021-10-30T00:00:00", "installmentValue": "41.71"}, {"installmentId": "08dd59f43e1f2753ec7b9c1fbe09805e", "dueDate": "2021-09-30T00:00:00", "installmentValue": "64.89"}, {"installmentId": "5b57d4846f1fa3bd4445ca34d3939d09", "dueDate": "2021-07-30T00:00:00", "installmentValue": "64.89"}, {"installmentId": "bdd47e43443f60a8b4ae5f7222bd7dcc", "dueDate": "2022-02-28T00:00:00", "installmentValue": "41.67"}, {"installmentId": "6109ff59d3a7b1842e236c62ae28a9f5", "dueDate": "2021-08-30T00:00:00", "installmentValue": "64.89"}, {"installmentId": "8b8cf3c0bb157c6f64197b8b34eae16b", "dueDate": "2021-05-30T00:00:00", "installmentValue": "64.89"}, {"installmentId": "3ca38948e597bf0cea983aae72dda055", "dueDate": "2021-06-30T00:00:00", "installmentValue": "64.89"}, {"installmentId": "4cd48b70fb6659fdac416f4476c5dca5", "dueDate": "2021-12-30T00:00:00", "installmentValue": "41.71"}, {"installmentId": "0cdc329c0683f2765c29d11b74b2b3c3", "dueDate": "2022-01-30T00:00:00", "installmentValue": "41.71"}]}