{"originationId": "117883dde2b53f19ba383b1bfd09066a", "clientId": "06110ad42c7521723babdb83657d0696", "registerDate": "2021-06-02T00:00:00", "installments": [{"installmentId": "6a67b91bcac60d094bd8355b2ab5d843", "dueDate": "2021-11-25T00:00:00", "installmentValue": "17.00"}, {"installmentId": "48b2a0b549223857380f70b09d8cdeba", "dueDate": "2022-03-25T00:00:00", "installmentValue": "16.97"}, {"installmentId": "506e2c1fa8d6d54495e0a0bd5b80278d", "dueDate": "2021-06-25T00:00:00", "installmentValue": "17.00"}, {"installmentId": "5bb5eadfbceb4cad9b8e89f6b203c83b", "dueDate": "2021-07-25T00:00:00", "installmentValue": "17.00"}, {"installmentId": "b9cea5117a785ce4cb9448aff0739bd2", "dueDate": "2021-12-25T00:00:00", "installmentValue": "17.00"}, {"installmentId": "1966d53e29541782e02a08310290dbce", "dueDate": "2021-09-25T00:00:00", "installmentValue": "17.00"}, {"installmentId": "279c09f5e2ec24854acdaf621fd7499d", "dueDate": "2022-02-25T00:00:00", "installmentValue": "17.00"}, {"installmentId": "d3c59ecf1f1cf59bdc8ccbb9ee479d68", "dueDate": "2021-10-25T00:00:00", "installmentValue": "17.00"}, {"installmentId": "03ca44e6934026f035a12801d964c1bc", "dueDate": "2022-01-25T00:00:00", "installmentValue": "17.00"}, {"installmentId": "aa15f8145d58932af5a3c529d5694d1c", "dueDate": "2021-08-25T00:00:00", "installmentValue": "17.00"}]}