{"originationId": "14032bc5c2a3c4874e6b242023bd323f", "clientId": "e4f8f6a8d75d55aae67485a4f8ccc9c6", "registerDate": "2021-05-06T00:00:00", "installments": [{"installmentId": "3ecc55aef8ce422fc50424831a8ebd5f", "dueDate": "2021-05-20T00:00:00", "installmentValue": "62.91"}, {"installmentId": "06005defbba236f22128bf07675e2c4c", "dueDate": "2021-06-20T00:00:00", "installmentValue": "62.91"}, {"installmentId": "d9a33fd0db3db56141a5861aced08488", "dueDate": "2021-09-20T00:00:00", "installmentValue": "62.92"}, {"installmentId": "be9f1a6619f201f3b748e7ccfe45258f", "dueDate": "2021-08-20T00:00:00", "installmentValue": "62.91"}, {"installmentId": "e457f64221d9db7f51a6775b1931e657", "dueDate": "2021-07-20T00:00:00", "installmentValue": "62.91"}]}