{"originationId": "17023eee41f9b89afe106c1a85ff2b42", "clientId": "a194c7dc6335de1b98adf74c76d15319", "registerDate": "2021-02-17T00:00:00", "installments": [{"installmentId": "585a1762025e1c69bb4824171efa91ac", "dueDate": "2021-06-30T00:00:00", "installmentValue": "30.99"}, {"installmentId": "a62a5f78ddeb3f82182efe43e16df740", "dueDate": "2021-08-30T00:00:00", "installmentValue": "30.98"}, {"installmentId": "b261f3bf5939e8aa74738995fa1923f6", "dueDate": "2021-07-30T00:00:00", "installmentValue": "30.99"}, {"installmentId": "4cd615dbf4a39876842b674d842c8290", "dueDate": "2021-05-30T00:00:00", "installmentValue": "30.99"}, {"installmentId": "6d125a67fae5f4644236525cf745e446", "dueDate": "2021-04-30T00:00:00", "installmentValue": "30.99"}]}