{"originationId": "175750f3db102cdd1f152339c6854771", "clientId": "f0fe134802a6bbac7a987ddc774744a4", "registerDate": "2021-04-18T00:00:00", "installments": [{"installmentId": "584b841ae28b9d569b19121abb862a76", "dueDate": "2021-08-15T00:00:00", "installmentValue": "18.00"}, {"installmentId": "74b2981953d360851ef4230d85364b9a", "dueDate": "2021-06-15T00:00:00", "installmentValue": "54.98"}, {"installmentId": "8fefb70957f0364bd07771e243fe410c", "dueDate": "2021-09-15T00:00:00", "installmentValue": "17.99"}, {"installmentId": "68eedb284592039a7b565134ea86e6ab", "dueDate": "2021-07-15T00:00:00", "installmentValue": "18.00"}, {"installmentId": "4803b8b9820141f7a7cd5bc39598d8de", "dueDate": "2021-05-15T00:00:00", "installmentValue": "54.98"}]}