{"originationId": "1a2c10afe7529f89000a33f3b60f7928", "clientId": "b2f2256751213c6e212b4d0bc128ddbf", "registerDate": "2021-01-27T00:00:00", "installments": [{"installmentId": "2e96e998e76851587a8385d6bc553b5e", "dueDate": "2021-04-15T00:00:00", "installmentValue": "97.97"}, {"installmentId": "3b4e5745e6e4af1438ebe28a53e705e4", "dueDate": "2021-07-15T00:00:00", "installmentValue": "97.99"}, {"installmentId": "181fcdbbc2f529caf9fc2805c0294460", "dueDate": "2021-03-15T00:00:00", "installmentValue": "97.97"}, {"installmentId": "244c9652f51c8de2613d547c4fa86e58", "dueDate": "2021-06-15T00:00:00", "installmentValue": "97.97"}, {"installmentId": "0290a0e1306d60ffe6902ca425c76720", "dueDate": "2021-05-15T00:00:00", "installmentValue": "97.97"}]}