{"originationId": "1a77e27cda6418f3a8e86fb056ad3ea2", "clientId": "4b856296edf493b9e4208ad200ab1c2e", "registerDate": "2021-05-05T00:00:00", "installments": [{"installmentId": "0710625b7fefe18e6d0a577be2322521", "dueDate": "2021-06-28T00:00:00", "installmentValue": "11.00"}, {"installmentId": "696cc8e0c893ed2218394c673c27c86c", "dueDate": "2021-09-28T00:00:00", "installmentValue": "10.99"}, {"installmentId": "cb0ae6c59371b28c6b13d9174917c904", "dueDate": "2021-07-28T00:00:00", "installmentValue": "11.00"}, {"installmentId": "2ca8e55471df6b78cfe05bf3bdd48766", "dueDate": "2021-08-28T00:00:00", "installmentValue": "11.00"}, {"installmentId": "5ed67f19c9f1c101bffe1e267ad4eb05", "dueDate": "2021-05-28T00:00:00", "installmentValue": "11.00"}]}