{"originationId": "1b7d38015747cf95feb3bf89bac0c27f", "clientId": "c67d5489eff1b9adfa5f718e3a2d0150", "registerDate": "2021-06-27T00:00:00", "installments": [{"installmentId": "e522825d3b04fa1ad09c1ef81b081e69", "dueDate": "2021-07-15T00:00:00", "installmentValue": "49.99"}, {"installmentId": "a1f8708b3007aa9fb35eb931f7fc4477", "dueDate": "2021-09-15T00:00:00", "installmentValue": "49.99"}, {"installmentId": "7a2a616cd1d548e0434ba6be1641fd10", "dueDate": "2021-08-15T00:00:00", "installmentValue": "49.99"}]}