{"originationId": "1c2bd5e5f1eac48ead25279f428c4eb2", "clientId": "0c7528f449db1dc6073f5251aca573cd", "registerDate": "2021-03-02T00:00:00", "installments": [{"installmentId": "7c792e9c3ae868a811f7fb986c16c31c", "dueDate": "2021-12-10T00:00:00", "installmentValue": "57.99"}, {"installmentId": "8a1b282cb34b578cd77fee3b2a01f1eb", "dueDate": "2022-01-10T00:00:00", "installmentValue": "58"}, {"installmentId": "23a2ea142421a4087f095604f08d1243", "dueDate": "2021-09-10T00:00:00", "installmentValue": "57.99"}, {"installmentId": "98a1cab626cbe80460bb67862a7d428e", "dueDate": "2021-10-10T00:00:00", "installmentValue": "57.99"}, {"installmentId": "987a6b3755604b4b71d67967183a94ba", "dueDate": "2021-11-10T00:00:00", "installmentValue": "57.99"}, {"installmentId": "6f638fb62474447de0332db6fcdc1d4a", "dueDate": "2021-05-10T00:00:00", "installmentValue": "70.48"}, {"installmentId": "e5db92080eeecc6b7ba0b1bb7af69100", "dueDate": "2021-04-10T00:00:00", "installmentValue": "70.48"}, {"installmentId": "0db34619898236f0ef0886406810d738", "dueDate": "2021-08-10T00:00:00", "installmentValue": "57.99"}, {"installmentId": "83bfbe8bfab61b0b7cbe110068a2ee93", "dueDate": "2021-06-10T00:00:00", "installmentValue": "57.99"}, {"installmentId": "401d016273eb623b5415c32d04d512c5", "dueDate": "2021-07-10T00:00:00", "installmentValue": "57.99"}]}