{"originationId": "1c65417552351db6fca14f4d2821097f", "clientId": "19253e795fa6e7fb5bdef6ed7eb35269", "registerDate": "2021-01-25T00:00:00", "installments": [{"installmentId": "5039405112b96ad3087273865f3e7955", "dueDate": "2021-03-10T00:00:00", "installmentValue": "127.36"}, {"installmentId": "b5c54336849224e70d50e1755933e444", "dueDate": "2021-04-10T00:00:00", "installmentValue": "127.36"}, {"installmentId": "10ee78eb301a59a3fffdc1eb34c3b31a", "dueDate": "2021-06-10T00:00:00", "installmentValue": "127.36"}, {"installmentId": "b90eee67fb31a7c47cc74746ec716651", "dueDate": "2021-07-10T00:00:00", "installmentValue": "127.34"}, {"installmentId": "7b79d11b14edaf7206041ca35e171149", "dueDate": "2021-05-10T00:00:00", "installmentValue": "127.36"}]}