{"originationId": "1d4bbbb8179097b343f111edd44abd40", "clientId": "b7c876c42ef5628804a1a22a191fb4fc", "registerDate": "2021-02-27T00:00:00", "installments": [{"installmentId": "1f0e4cfe6e1017d4ef9314e85ce2cc82", "dueDate": "2021-04-15T00:00:00", "installmentValue": "29.28"}, {"installmentId": "22c08f2f945a2a6d66db153711ec6033", "dueDate": "2021-08-15T00:00:00", "installmentValue": "29.30"}, {"installmentId": "d1c62293081c90bdc72f150520cfecac", "dueDate": "2021-06-15T00:00:00", "installmentValue": "29.28"}, {"installmentId": "c272cbcbae16cf39f3799ef1f80478ed", "dueDate": "2021-05-15T00:00:00", "installmentValue": "29.28"}, {"installmentId": "11b7236611255b82a6f03a4c07addbbd", "dueDate": "2021-07-15T00:00:00", "installmentValue": "29.28"}]}