{"originationId": "1e2a7d02f5a734e147f3eb2fe3b8ce94", "clientId": "32280121c536d3d389f0438a5244cdca", "registerDate": "2021-06-25T00:00:00", "installments": [{"installmentId": "d2361a47205ab4b8b4bd50227ac8d45e", "dueDate": "2022-02-15T00:00:00", "installmentValue": "41.28"}, {"installmentId": "1fa996b36487bc0b7ce311f96ef68c4b", "dueDate": "2021-08-15T00:00:00", "installmentValue": "41.28"}, {"installmentId": "f5ff34b9f6bb9cf3cae761db1c504615", "dueDate": "2021-12-15T00:00:00", "installmentValue": "41.28"}, {"installmentId": "25dae83165ab6364039561b597deab37", "dueDate": "2022-03-15T00:00:00", "installmentValue": "41.28"}, {"installmentId": "48953cf9e87e6becd4f2630b8dff24f8", "dueDate": "2022-05-15T00:00:00", "installmentValue": "41.23"}, {"installmentId": "8d87d32a9b77da52a94d8a36df8664fa", "dueDate": "2021-11-15T00:00:00", "installmentValue": "41.28"}, {"installmentId": "9583494bd910220991a2f44268868571", "dueDate": "2022-01-15T00:00:00", "installmentValue": "41.28"}, {"installmentId": "c7c5b805ba0d5dbd28d1d7670ddd6bb0", "dueDate": "2021-10-15T00:00:00", "installmentValue": "41.28"}, {"installmentId": "af8761d922c4b868e00958b38aeb32af", "dueDate": "2022-04-15T00:00:00", "installmentValue": "41.28"}, {"installmentId": "88aa435378f61705e76f50388d492116", "dueDate": "2021-09-15T00:00:00", "installmentValue": "41.28"}]}