{"originationId": "2034a1e9f7534bb8616e676f3447bb52", "clientId": "bd8a4d27fd4ad278710edcb0671aea34", "registerDate": "2021-02-20T00:00:00", "installments": [{"installmentId": "e139063c4a2a384194d190c9c422e8e0", "dueDate": "2021-12-13T00:00:00", "installmentValue": "259.99"}, {"installmentId": "2d5ad689f91b1c6284c2e24a1932d76d", "dueDate": "2021-11-13T00:00:00", "installmentValue": "259.99"}, {"installmentId": "d7fd2b8b002d08d0baa689725a65f13a", "dueDate": "2021-07-13T00:00:00", "installmentValue": "259.99"}, {"installmentId": "8f7118f3499f40af097d3ae302f07c60", "dueDate": "2021-10-13T00:00:00", "installmentValue": "259.99"}, {"installmentId": "cc529042d469037fc8f72128a7b07cb4", "dueDate": "2021-04-13T00:00:00", "installmentValue": "259.99"}, {"installmentId": "6f2b5ea5eb7f943031c0bae877ffb083", "dueDate": "2021-06-13T00:00:00", "installmentValue": "259.99"}, {"installmentId": "4ef6fead308ca47e6ad7f095e7c1cf18", "dueDate": "2021-05-13T00:00:00", "installmentValue": "259.99"}, {"installmentId": "da0d53724b65ffa41c4027f91ed15334", "dueDate": "2021-09-13T00:00:00", "installmentValue": "259.99"}, {"installmentId": "6e33d637038abad960fb01b9930f9807", "dueDate": "2021-08-13T00:00:00", "installmentValue": "259.99"}, {"installmentId": "5352e7e8134edf828d6cd7d718146e83", "dueDate": "2022-01-13T00:00:00", "installmentValue": "259.99"}]}