{"originationId": "21731f3bc709369c35f384acaaa44153", "clientId": "e4f8f6a8d75d55aae67485a4f8ccc9c6", "registerDate": "2021-05-06T00:00:00", "installments": [{"installmentId": "49b747e4061cdc45312d2f919378dbe0", "dueDate": "2021-11-20T00:00:00", "installmentValue": "139.67"}, {"installmentId": "66a6c49126a3030ebd97c38c49136a0b", "dueDate": "2021-07-20T00:00:00", "installmentValue": "139.64"}, {"installmentId": "21253a194c97a1b5a46f49adea4edace", "dueDate": "2021-08-20T00:00:00", "installmentValue": "139.64"}, {"installmentId": "64ea28f49fb1666088d79b1e1085971d", "dueDate": "2021-10-20T00:00:00", "installmentValue": "139.64"}, {"installmentId": "0ed50396043fd810ca584e79d1de9e73", "dueDate": "2021-05-20T00:00:00", "installmentValue": "139.64"}, {"installmentId": "38f04d12afa63d3b0659f40c9a1fa1fa", "dueDate": "2021-09-20T00:00:00", "installmentValue": "139.64"}, {"installmentId": "c1a04a164ee7e6498f811a69079f6574", "dueDate": "2021-06-20T00:00:00", "installmentValue": "139.64"}]}