{"originationId": "22641fe967574df687f96bd4aafaf70d", "clientId": "3fcc43605a621c2f1eaf923292bb0363", "registerDate": "2021-04-30T00:00:00", "installments": [{"installmentId": "b88423f73be9d36347b0216100bd4d92", "dueDate": "2021-07-10T00:00:00", "installmentValue": "77.19"}, {"installmentId": "98da0b2fb601fdd6e2c3678eb89b9e97", "dueDate": "2021-08-10T00:00:00", "installmentValue": "77.19"}, {"installmentId": "49bf94532b419ce7c1bf561e18e463d8", "dueDate": "2021-10-10T00:00:00", "installmentValue": "77.20"}, {"installmentId": "1b1c478c99dd732251a54bb076a19204", "dueDate": "2021-06-10T00:00:00", "installmentValue": "77.19"}, {"installmentId": "6a8027a17f8f2d62daad18aafae5b810", "dueDate": "2021-09-10T00:00:00", "installmentValue": "77.19"}]}