{"originationId": "23b4e7c5ab9f99bb9b48579438896939", "clientId": "83f62d7630c968c654129afa4c7136a6", "registerDate": "2021-01-16T00:00:00", "installments": [{"installmentId": "a123414c317dbcad26ac6e1c6b15cd8a", "dueDate": "2021-10-10T00:00:00", "installmentValue": "156.21"}, {"installmentId": "f841be17023f76dcc4f1d85e71a60ff2", "dueDate": "2021-04-10T00:00:00", "installmentValue": "156.21"}, {"installmentId": "83b650397831834e5169826409b6af5f", "dueDate": "2021-03-10T00:00:00", "installmentValue": "156.21"}, {"installmentId": "caeaa7dd8f5a870a96be914cee1c0aa8", "dueDate": "2021-09-10T00:00:00", "installmentValue": "156.21"}, {"installmentId": "d53b38cf14380836010744c6be54a9ee", "dueDate": "2021-05-10T00:00:00", "installmentValue": "156.21"}, {"installmentId": "feab7607dfff7c157d72077947740af3", "dueDate": "2021-07-10T00:00:00", "installmentValue": "156.21"}, {"installmentId": "9368ceb8482d26663efa632c0e81572a", "dueDate": "2021-08-10T00:00:00", "installmentValue": "156.21"}, {"installmentId": "d01dd1956746284508164cefc5557d1e", "dueDate": "2021-06-10T00:00:00", "installmentValue": "156.21"}, {"installmentId": "3960020c1f3d513740858e8b72a65bad", "dueDate": "2021-02-10T00:00:00", "installmentValue": "156.21"}, {"installmentId": "44048cd9c662437c4a08aeecf16592a3", "dueDate": "2021-11-10T00:00:00", "installmentValue": "156.24"}]}