{"originationId": "246654551b7914944e9e9a829638a5d8", "clientId": "53d430e305696e5408f3bbe05acda641", "registerDate": "2021-06-26T00:00:00", "installments": [{"installmentId": "9f17bcce7622b426c9050ca3a1f31104", "dueDate": "2022-05-10T00:00:00", "installmentValue": "31.03"}, {"installmentId": "1c8915ead774a7845abcdb8ef02b8149", "dueDate": "2021-12-10T00:00:00", "installmentValue": "30.99"}, {"installmentId": "ab013ee7ca727aea5b1c2a07fcba0030", "dueDate": "2021-09-10T00:00:00", "installmentValue": "30.99"}, {"installmentId": "9d4e717d5ef3053fe1c6696044a2080c", "dueDate": "2021-11-10T00:00:00", "installmentValue": "30.99"}, {"installmentId": "68e719a08ec508a140c5ab42eb97745a", "dueDate": "2022-01-10T00:00:00", "installmentValue": "30.99"}, {"installmentId": "f3279af611d6f69122d5e60b4697a86a", "dueDate": "2022-02-10T00:00:00", "installmentValue": "30.99"}, {"installmentId": "f40a744185f730d6f5423d1a05b0a5ef", "dueDate": "2022-03-10T00:00:00", "installmentValue": "30.99"}, {"installmentId": "a0d6ae0ebe2900dd0351c67a91cdf7aa", "dueDate": "2021-08-10T00:00:00", "installmentValue": "30.99"}, {"installmentId": "f3db6e8f727ba80d1f66ca780e83e36a", "dueDate": "2021-10-10T00:00:00", "installmentValue": "30.99"}, {"installmentId": "f17b3d02516846e13967431a03a4955e", "dueDate": "2022-04-10T00:00:00", "installmentValue": "30.99"}]}