{"originationId": "254d5467810d79231da1159363d27137", "clientId": "b25b9ce88b69103ab3a38056fc492943", "registerDate": "2021-04-05T00:00:00", "installments": [{"installmentId": "f2e390669bf752646db728e941cc4cde", "dueDate": "2021-09-10T00:00:00", "installmentValue": "80.77"}, {"installmentId": "ed31b142b4d43ccb26b6b2da6cc3ef8b", "dueDate": "2021-06-10T00:00:00", "installmentValue": "80.77"}, {"installmentId": "94fd42cfbbf6e82a5a42fdc80489b918", "dueDate": "2021-05-10T00:00:00", "installmentValue": "80.77"}, {"installmentId": "1dc9fe56ffc7e544876bd818c4baa84a", "dueDate": "2021-07-10T00:00:00", "installmentValue": "80.77"}, {"installmentId": "ce5e60d0809344c5e7ccb9d94d41901c", "dueDate": "2021-08-10T00:00:00", "installmentValue": "80.77"}]}