{"originationId": "259f0880ecca71302e6475569617c330", "clientId": "0c7528f449db1dc6073f5251aca573cd", "registerDate": "2021-04-17T00:00:00", "installments": [{"installmentId": "02585c9fe1287f86082f4d3885d2428d", "dueDate": "2021-07-10T00:00:00", "installmentValue": "39.99"}, {"installmentId": "a0461ea527f818dd69c71225b41b92e1", "dueDate": "2021-08-10T00:00:00", "installmentValue": "39.99"}, {"installmentId": "725d3669c6ef3b68c65b794d14e3fbb5", "dueDate": "2021-05-10T00:00:00", "installmentValue": "39.99"}, {"installmentId": "defb9054a26d7c2304cc9871c25a0690", "dueDate": "2021-06-10T00:00:00", "installmentValue": "39.99"}]}