{"originationId": "2850d5690742882b78dc18524a8594f5", "clientId": "83f62d7630c968c654129afa4c7136a6", "registerDate": "2021-06-05T00:00:00", "installments": [{"installmentId": "6da0ae915e08d74bec80ae816ff356ad", "dueDate": "2021-11-10T00:00:00", "installmentValue": "26.29"}, {"installmentId": "c8d53f7a33659da875bfcee544829acb", "dueDate": "2022-03-10T00:00:00", "installmentValue": "26.29"}, {"installmentId": "1022b8ed7a223abc77efe3563952fe00", "dueDate": "2021-12-10T00:00:00", "installmentValue": "26.29"}, {"installmentId": "b44a9d06f5e2ad68f17c7be80d925d35", "dueDate": "2022-04-10T00:00:00", "installmentValue": "26.32"}, {"installmentId": "84a91b22678220891698f2d9e77e9a19", "dueDate": "2021-10-10T00:00:00", "installmentValue": "26.29"}, {"installmentId": "15d959fc35d64db1d96834fd3760cdff", "dueDate": "2022-02-10T00:00:00", "installmentValue": "26.29"}, {"installmentId": "8cc105bad2dec110e445995b328fbf0c", "dueDate": "2021-09-10T00:00:00", "installmentValue": "26.29"}, {"installmentId": "03dd57e8f2378d38880a8e4585957275", "dueDate": "2021-08-10T00:00:00", "installmentValue": "26.29"}, {"installmentId": "3e2f87e7960ad7cd43dd3a235756c2b7", "dueDate": "2022-01-10T00:00:00", "installmentValue": "26.29"}, {"installmentId": "0286325b7683f85bf8b8546015742fb7", "dueDate": "2021-07-10T00:00:00", "installmentValue": "26.29"}]}