{"originationId": "2855ce18543827e1a8b8d3bd616dc4b9", "clientId": "33b2036ff5089dc8bcf029e720b03689", "registerDate": "2021-03-30T00:00:00", "installments": [{"installmentId": "290def109901e54b5380eb6ae0c9bed4", "dueDate": "2021-12-05T00:00:00", "installmentValue": "38.17"}, {"installmentId": "65f71b965d9b8893c380952ae7268848", "dueDate": "2021-07-05T00:00:00", "installmentValue": "44.17"}, {"installmentId": "ac41426a542f3ea4542b24d8667b97c3", "dueDate": "2021-10-05T00:00:00", "installmentValue": "38.17"}, {"installmentId": "6b560199bf22eb3589f60185be0e2363", "dueDate": "2021-08-05T00:00:00", "installmentValue": "44.17"}, {"installmentId": "9b662d86bda99436813924e7e0db2720", "dueDate": "2021-11-05T00:00:00", "installmentValue": "38.17"}, {"installmentId": "9203fd2a93cd601ee11ac04472f7fc26", "dueDate": "2021-09-05T00:00:00", "installmentValue": "44.17"}, {"installmentId": "5d8fc4b2c420918e886adfc51f2652a1", "dueDate": "2022-01-05T00:00:00", "installmentValue": "38.17"}, {"installmentId": "6137b138f25a9168b9519cb5b3362058", "dueDate": "2022-02-05T00:00:00", "installmentValue": "38.15"}, {"installmentId": "8a05d4b7aedd2bda244234cfba00c462", "dueDate": "2021-05-05T00:00:00", "installmentValue": "44.17"}, {"installmentId": "cff255c134b13cc16b2450a9b27a96ba", "dueDate": "2021-06-05T00:00:00", "installmentValue": "44.17"}]}