{"originationId": "2b4b05b1a10c0fbc036cec59abf98538", "clientId": "931ba200eb807871a052db73fff55a20", "registerDate": "2021-03-15T00:00:00", "installments": [{"installmentId": "db2e75ca32e616894d4bf767eaa69c0e", "dueDate": "2021-07-05T00:00:00", "installmentValue": "28.99"}, {"installmentId": "77b385f3131b9751d2f99f93b0ab7780", "dueDate": "2021-05-05T00:00:00", "installmentValue": "28.99"}, {"installmentId": "ae152f73d13bbae4b991e39e0eb33259", "dueDate": "2021-04-05T00:00:00", "installmentValue": "28.99"}, {"installmentId": "3b7f99cc861f71eecef11a2b938b17d0", "dueDate": "2021-08-05T00:00:00", "installmentValue": "28.99"}, {"installmentId": "6bf231cec02674c3cc503472d3e5a79d", "dueDate": "2021-06-05T00:00:00", "installmentValue": "28.99"}]}