{"originationId": "2b7513c93d7359d5d4f0c02831830028", "clientId": "49d1b8c54f8981e75e159430a0efbe24", "registerDate": "2021-06-13T00:00:00", "installments": [{"installmentId": "b158260724fe3ead63ec2fd29e6a7fe0", "dueDate": "2021-08-10T00:00:00", "installmentValue": "32.00"}, {"installmentId": "bc386c8aa78e7825fcf2e65f1306ca05", "dueDate": "2022-04-10T00:00:00", "installmentValue": "31.96"}, {"installmentId": "4e6ced3ae81925b177bb3be58bad9441", "dueDate": "2021-11-10T00:00:00", "installmentValue": "32.00"}, {"installmentId": "2202c265121a8d1d0b2a2aafa95fcd18", "dueDate": "2022-02-10T00:00:00", "installmentValue": "32.00"}, {"installmentId": "f1cbbb222826acc49c196a927c9a385d", "dueDate": "2022-03-10T00:00:00", "installmentValue": "32.00"}, {"installmentId": "23e802a50f73ad8fa9ed6cff594027f4", "dueDate": "2021-12-10T00:00:00", "installmentValue": "32.00"}, {"installmentId": "7a75b6a5967fabdc78cfc91cd58c2d93", "dueDate": "2022-01-10T00:00:00", "installmentValue": "32.00"}, {"installmentId": "2c728bcfbdbcd383e81c03d525eb7c51", "dueDate": "2021-10-10T00:00:00", "installmentValue": "32.00"}, {"installmentId": "24fa022176a2d12fca265ae1d7e92aac", "dueDate": "2021-07-10T00:00:00", "installmentValue": "32.00"}, {"installmentId": "a631e0686af370349149733a2f48a299", "dueDate": "2021-09-10T00:00:00", "installmentValue": "32.00"}]}