{"originationId": "2befa4bf306bb930e4f480d66cfba928", "clientId": "9f93026c550a88cc1ba84255842d3b61", "registerDate": "2021-05-07T00:00:00", "installments": [{"installmentId": "17e0e5bab130213a47e0b90f899c9071", "dueDate": "2021-08-15T00:00:00", "installmentValue": "69.99"}, {"installmentId": "16172badb4578521173ba510b06fc323", "dueDate": "2021-07-15T00:00:00", "installmentValue": "69.99"}, {"installmentId": "b4ec60566abdf4221a9db364f115f5a9", "dueDate": "2021-09-15T00:00:00", "installmentValue": "69.98"}, {"installmentId": "b4b92a047efa4b0a87f237de9859bd80", "dueDate": "2021-06-15T00:00:00", "installmentValue": "69.99"}]}