{"originationId": "2e1d29196a1e7be8c874f730a9b63580", "clientId": "465c90e4f838dca50083d3620da11178", "registerDate": "2021-04-01T00:00:00", "installments": [{"installmentId": "131971972d95e4bab5a608bde871e67b", "dueDate": "2021-08-10T00:00:00", "installmentValue": "23.79"}, {"installmentId": "f5356c8f640e2c3006d2c7aeb8ac0855", "dueDate": "2021-05-10T00:00:00", "installmentValue": "23.79"}, {"installmentId": "41f14739594087806cc561ef0be17b26", "dueDate": "2021-12-10T00:00:00", "installmentValue": "23.79"}, {"installmentId": "74c31362f84df6287fb5693ac67d343f", "dueDate": "2022-02-10T00:00:00", "installmentValue": "23.81"}, {"installmentId": "c834b43907d7f5a3b71ffa823ccbe1a0", "dueDate": "2021-11-10T00:00:00", "installmentValue": "23.79"}, {"installmentId": "d335e5359ede2c536943a5dcb3c7b87a", "dueDate": "2021-07-10T00:00:00", "installmentValue": "23.79"}, {"installmentId": "6a6b5bf58d1021ea4d7a7900993c2443", "dueDate": "2021-06-10T00:00:00", "installmentValue": "23.79"}, {"installmentId": "cec82650579a5bcc7bb3fff0e6d7fb16", "dueDate": "2021-10-10T00:00:00", "installmentValue": "23.79"}, {"installmentId": "b60bb140d741ec104de1dc945a036643", "dueDate": "2022-01-10T00:00:00", "installmentValue": "23.79"}, {"installmentId": "b1654df5a10fb545c53ef444c83285f6", "dueDate": "2021-09-10T00:00:00", "installmentValue": "23.79"}]}