{"originationId": "30273a8f955b6fde17a5e2f37d5446d1", "clientId": "4b856296edf493b9e4208ad200ab1c2e", "registerDate": "2021-03-24T00:00:00", "installments": [{"installmentId": "c06a7a17f86ba55f8dec674bbb1acd2c", "dueDate": "2021-06-28T00:00:00", "installmentValue": "48.19"}, {"installmentId": "8acc4ab5b56e7095fed2c3212ef61e64", "dueDate": "2021-09-28T00:00:00", "installmentValue": "48.17"}, {"installmentId": "a83d97a716b18690a3bb9b0e87a03c51", "dueDate": "2021-05-28T00:00:00", "installmentValue": "48.19"}, {"installmentId": "29a7b65dcdb07dfcae9de5e7dcb00016", "dueDate": "2021-07-28T00:00:00", "installmentValue": "48.19"}, {"installmentId": "3b88b040b434b41c21e137cec764302e", "dueDate": "2021-08-28T00:00:00", "installmentValue": "48.19"}]}