{"originationId": "32c9d43a118b801976f11c71c318853c", "clientId": "b2f2256751213c6e212b4d0bc128ddbf", "registerDate": "2021-04-21T00:00:00", "installments": [{"installmentId": "9f45aee3b4d16d4172d1bc8b9744fe86", "dueDate": "2021-12-15T00:00:00", "installmentValue": "99.99"}, {"installmentId": "48668111d481804db9c5a8643630e66d", "dueDate": "2021-06-15T00:00:00", "installmentValue": "99.99"}, {"installmentId": "1af9d8e4b71791be56b8cc1226e4aa04", "dueDate": "2022-03-15T00:00:00", "installmentValue": "99.99"}, {"installmentId": "73e88559b158cbfe28faf01730505b2b", "dueDate": "2021-07-15T00:00:00", "installmentValue": "99.99"}, {"installmentId": "fdacb620e739fd9dbe1ab88bf7715d43", "dueDate": "2021-10-15T00:00:00", "installmentValue": "99.99"}, {"installmentId": "430154810865ef5f55df544c7ed70aeb", "dueDate": "2021-11-15T00:00:00", "installmentValue": "99.99"}, {"installmentId": "7e8170c5b9b3a10c652c7ce3728671c3", "dueDate": "2022-01-15T00:00:00", "installmentValue": "99.99"}, {"installmentId": "f60579229d5e4c2544b7f011bed599a6", "dueDate": "2021-09-15T00:00:00", "installmentValue": "99.99"}, {"installmentId": "9698eef2672459791c9cfe87b0450b0b", "dueDate": "2022-02-15T00:00:00", "installmentValue": "99.99"}, {"installmentId": "9d5ae0f0475f3c3f5a2b4488564fcf98", "dueDate": "2021-08-15T00:00:00", "installmentValue": "99.99"}]}