{"originationId": "332d66227a59e96eae8653956fff6c33", "clientId": "0c7528f449db1dc6073f5251aca573cd", "registerDate": "2021-06-22T00:00:00", "installments": [{"installmentId": "60c486e3b4052a7331b09cabf0a263b1", "dueDate": "2021-09-10T00:00:00", "installmentValue": "126.76"}, {"installmentId": "37b524ee79c0121cd39a9e82503e73d2", "dueDate": "2021-08-10T00:00:00", "installmentValue": "126.76"}, {"installmentId": "8358f1275f49a2f88235aec017c0d441", "dueDate": "2021-11-10T00:00:00", "installmentValue": "126.78"}, {"installmentId": "e09ccb57f6fb66022a9c324142327b15", "dueDate": "2021-10-10T00:00:00", "installmentValue": "126.76"}]}