{"originationId": "35147a409857f4be74dbec15f3d78742", "clientId": "d5cc77d7a50d08b31428881fde1cb2ef", "registerDate": "2021-02-20T00:00:00", "installments": [{"installmentId": "614488a9841e56b8bad1a86c6cc11cbd", "dueDate": "2021-08-10T00:00:00", "installmentValue": "65.55"}, {"installmentId": "4c1f5fa517d363d0aac8524c02610477", "dueDate": "2021-05-10T00:00:00", "installmentValue": "65.56"}, {"installmentId": "c79460efbfd90774213090c3d21db983", "dueDate": "2021-04-10T00:00:00", "installmentValue": "65.56"}, {"installmentId": "821c0c9a2420debf091e1aa6ce2580e8", "dueDate": "2021-07-10T00:00:00", "installmentValue": "65.56"}, {"installmentId": "d1d2d75a7b1a6360712da5ac512b5fae", "dueDate": "2021-06-10T00:00:00", "installmentValue": "65.56"}]}