{"originationId": "3718ab9b6ff46366d315eea09b00ac77", "clientId": "83f62d7630c968c654129afa4c7136a6", "registerDate": "2021-05-14T00:00:00", "installments": [{"installmentId": "030c9a0015525deb8055474713b28d2b", "dueDate": "2021-06-10T00:00:00", "installmentValue": "4.00"}, {"installmentId": "164c7620fd83ebfba632e5660d8b156e", "dueDate": "2021-08-10T00:00:00", "installmentValue": "4.00"}, {"installmentId": "3d8e3970381a207d497e470721120e66", "dueDate": "2021-09-10T00:00:00", "installmentValue": "4.00"}, {"installmentId": "16212ee8d2bb5e560366fcd726e3450b", "dueDate": "2021-07-10T00:00:00", "installmentValue": "4.00"}, {"installmentId": "26117f08fbc6dbb543c90e1266562b26", "dueDate": "2021-10-10T00:00:00", "installmentValue": "3.99"}]}