{"originationId": "3a7fadae118b1a4c42843acb3c179e35", "clientId": "76bd13c9636958d2983551e08b9dffe6", "registerDate": "2021-06-28T00:00:00", "installments": [{"installmentId": "0623b898e75f36ce8d9ce67ef324ba83", "dueDate": "2022-03-13T00:00:00", "installmentValue": "10.00"}, {"installmentId": "9524850750eee3adccade0f6858d5981", "dueDate": "2021-12-13T00:00:00", "installmentValue": "10.00"}, {"installmentId": "4201391267c332f7384a770fd0d0c132", "dueDate": "2022-05-13T00:00:00", "installmentValue": "9.99"}, {"installmentId": "4eef8ce68ec6d0a352761406bf5814ba", "dueDate": "2022-01-13T00:00:00", "installmentValue": "10.00"}, {"installmentId": "d35d4d2f555e13340732117b33f0c841", "dueDate": "2021-08-13T00:00:00", "installmentValue": "10.00"}, {"installmentId": "ffbd1c90b39f996d076ceb8dfd0710c9", "dueDate": "2021-09-13T00:00:00", "installmentValue": "10.00"}, {"installmentId": "0b992c3bfd52103d084efd1b4d3ec260", "dueDate": "2021-10-13T00:00:00", "installmentValue": "10.00"}, {"installmentId": "2a73232a6b9e07ff02393f31e568ffc8", "dueDate": "2022-04-13T00:00:00", "installmentValue": "10.00"}, {"installmentId": "eeffba6030ddf01ca2950b953ff45acc", "dueDate": "2022-02-13T00:00:00", "installmentValue": "10.00"}, {"installmentId": "643943a6110af1e3fb1efcc0dca0e5cd", "dueDate": "2021-11-13T00:00:00", "installmentValue": "10.00"}]}