{"originationId": "3bfe8d25111faaae5007abbe0a76db66", "clientId": "f410e6028c31d7a21027819529494d32", "registerDate": "2021-02-11T00:00:00", "installments": [{"installmentId": "884dacaad7e71f1a7c80fc63491c4d07", "dueDate": "2021-03-13T00:00:00", "installmentValue": "16.00"}, {"installmentId": "11fa3a77c91952e1958846661fc50a52", "dueDate": "2021-04-13T00:00:00", "installmentValue": "16.00"}, {"installmentId": "81bd3ec99195c5f8e2467ed1066112ec", "dueDate": "2021-07-13T00:00:00", "installmentValue": "15.99"}, {"installmentId": "8be1da12b19e9a63ddf42c6f500caf00", "dueDate": "2021-05-13T00:00:00", "installmentValue": "16.00"}, {"installmentId": "33745f433add8861587ba3d587c468d8", "dueDate": "2021-06-13T00:00:00", "installmentValue": "16.00"}]}