{"originationId": "3c6c8117b73f67453ca3ee21eaf8b5b0", "clientId": "465c90e4f838dca50083d3620da11178", "registerDate": "2021-04-14T00:00:00", "installments": [{"installmentId": "736553e0c3509f7ebc08917fde286895", "dueDate": "2021-07-10T00:00:00", "installmentValue": "12.99"}, {"installmentId": "b14f5ce90f9ba14227897353d8080c49", "dueDate": "2021-09-10T00:00:00", "installmentValue": "13.01"}, {"installmentId": "4d2cdbd147980842fbf7ce413a70d162", "dueDate": "2021-05-10T00:00:00", "installmentValue": "12.99"}, {"installmentId": "05f944f5f37fb9b459e9fa39962b0636", "dueDate": "2021-08-10T00:00:00", "installmentValue": "12.99"}, {"installmentId": "10f9ca3ad63e01b7ba48531344704433", "dueDate": "2021-06-10T00:00:00", "installmentValue": "12.99"}]}