{"originationId": "3e8b54d389bfdb1b146474ca002ce4ee", "clientId": "a32eb044ef4f094c78e8bbcd2df88125", "registerDate": "2021-02-22T00:00:00", "installments": [{"installmentId": "02db706f1fa9fad68d37ffba2e7ad45e", "dueDate": "2021-12-10T00:00:00", "installmentValue": "27.98"}, {"installmentId": "b461905a28004d322b037b192be515cd", "dueDate": "2021-04-10T00:00:00", "installmentValue": "55.57"}, {"installmentId": "2709cad8c7a21dcd559cf7c4305b8c8c", "dueDate": "2021-08-10T00:00:00", "installmentValue": "55.57"}, {"installmentId": "ea3f7c57cec493273a49e2274a6ffbf1", "dueDate": "2021-07-10T00:00:00", "installmentValue": "55.57"}, {"installmentId": "250d275f351c4166d08e0bdd0a1d15ff", "dueDate": "2021-09-10T00:00:00", "installmentValue": "27.98"}, {"installmentId": "172b38e7fde3bcbbd13fa85e8d7e75a1", "dueDate": "2021-10-10T00:00:00", "installmentValue": "27.98"}, {"installmentId": "f8428a5ba0d6f9d03c5672de1aa3f969", "dueDate": "2021-05-10T00:00:00", "installmentValue": "55.57"}, {"installmentId": "199050ce6f13f0edee38a0fc41524002", "dueDate": "2022-01-10T00:00:00", "installmentValue": "27.98"}, {"installmentId": "e9e4562c581e7b44fac6c26c6d2c538f", "dueDate": "2021-06-10T00:00:00", "installmentValue": "55.57"}, {"installmentId": "e1405fc17509eb1222b90ec5295c378b", "dueDate": "2021-11-10T00:00:00", "installmentValue": "27.98"}]}