{"originationId": "40d216c175b76231427e2c6d01914994", "clientId": "b25b9ce88b69103ab3a38056fc492943", "registerDate": "2021-06-03T00:00:00", "installments": [{"installmentId": "95655ccc73c8ba2fd1622da82de192f5", "dueDate": "2021-09-10T00:00:00", "installmentValue": "52.49"}, {"installmentId": "16e6d5e7cbe63c312a4960f70488c03e", "dueDate": "2021-07-10T00:00:00", "installmentValue": "52.49"}, {"installmentId": "ff0a468606d3d9fb6fed7581ca6b4e95", "dueDate": "2021-10-10T00:00:00", "installmentValue": "52.50"}, {"installmentId": "97f74327dbbd60a0279869094994d97a", "dueDate": "2021-08-10T00:00:00", "installmentValue": "52.49"}]}