{"originationId": "426afd54437c328a3b01a9ea355201e0", "clientId": "2c56da5a988614d10e06a70eb912b67a", "registerDate": "2021-06-23T00:00:00", "installments": [{"installmentId": "ebf7fe87980d335e095c1d618bfb1f2f", "dueDate": "2021-12-15T00:00:00", "installmentValue": "17.00"}, {"installmentId": "9fa299667617a1897843911afb9f85f9", "dueDate": "2021-11-15T00:00:00", "installmentValue": "17.00"}, {"installmentId": "63275940131dd3c2fde303497270c2df", "dueDate": "2022-02-15T00:00:00", "installmentValue": "17.00"}, {"installmentId": "043b1670ad0820967cb4d62d22008e27", "dueDate": "2021-09-15T00:00:00", "installmentValue": "17.00"}, {"installmentId": "51aa64b39c94a79f7df2aaad2ec1c557", "dueDate": "2022-01-15T00:00:00", "installmentValue": "17.00"}, {"installmentId": "760e3ad26719ec68c11ef55889d9b499", "dueDate": "2022-04-15T00:00:00", "installmentValue": "17.00"}, {"installmentId": "0b346705878f23f96a23389cf80d1da0", "dueDate": "2021-08-15T00:00:00", "installmentValue": "17.00"}, {"installmentId": "c069f36c8952888355fc637b4f9118dc", "dueDate": "2022-05-15T00:00:00", "installmentValue": "16.98"}, {"installmentId": "0f93af9a8a515beb67146ee3ccc17ccc", "dueDate": "2021-10-15T00:00:00", "installmentValue": "17.00"}, {"installmentId": "5ed4ceeaf005ee755b07c11bf8ece919", "dueDate": "2022-03-15T00:00:00", "installmentValue": "17.00"}]}