{"originationId": "4381069cdf1152fa30e4aa8b3da76d29", "clientId": "525de972e2151ca6fd6ede0f7e6a5ffd", "registerDate": "2021-01-27T00:00:00", "installments": [{"installmentId": "61425ccd9698bfec7280e76fb28e0960", "dueDate": "2021-06-25T00:00:00", "installmentValue": "27.99"}, {"installmentId": "9915442cac42f4a23835b137eab51e7b", "dueDate": "2021-03-25T00:00:00", "installmentValue": "27.99"}, {"installmentId": "8a88cb4496456d9800e2cacf51b0425c", "dueDate": "2021-07-25T00:00:00", "installmentValue": "27.98"}, {"installmentId": "4e67bc457d4a38e7bfbeeb0481e389c4", "dueDate": "2021-04-25T00:00:00", "installmentValue": "27.99"}, {"installmentId": "38fa29db6d1428c50f8648d1778db741", "dueDate": "2021-05-25T00:00:00", "installmentValue": "27.99"}]}