{"originationId": "483a2445c489eeb092068c4c8c016eca", "clientId": "19afba4a538865869f6d47e89533eec6", "registerDate": "2021-06-28T00:00:00", "installments": [{"installmentId": "21e07bb36008cb30bdd5d202cd39ede7", "dueDate": "2022-03-15T00:00:00", "installmentValue": "161.04"}, {"installmentId": "2f5fa127bd786a901a992ec463cba440", "dueDate": "2022-05-15T00:00:00", "installmentValue": "161.00"}, {"installmentId": "d2c82828231e650256c3666d1e8e83a1", "dueDate": "2021-12-15T00:00:00", "installmentValue": "161.04"}, {"installmentId": "9ac024d0445e3d4bfc4ea4bfc8716702", "dueDate": "2022-01-15T00:00:00", "installmentValue": "161.04"}, {"installmentId": "1fec09678f7b274afb7684c699c8ff8d", "dueDate": "2022-04-15T00:00:00", "installmentValue": "161.04"}, {"installmentId": "f3b900ba3a8865a9600fc845e8b8dc41", "dueDate": "2022-02-15T00:00:00", "installmentValue": "161.04"}, {"installmentId": "283efd649ebc4875b203a6b3d3195718", "dueDate": "2021-08-15T00:00:00", "installmentValue": "161.04"}, {"installmentId": "9f29b56ee479bcc42236692dcbf55e50", "dueDate": "2021-09-15T00:00:00", "installmentValue": "161.04"}, {"installmentId": "f10c0df98fa042ab835ff738c13015fd", "dueDate": "2021-11-15T00:00:00", "installmentValue": "161.04"}, {"installmentId": "cc170650a677c89d02455606e0a14a1f", "dueDate": "2021-10-15T00:00:00", "installmentValue": "161.04"}]}