{"originationId": "485847b599f549ff00fdecdf6eec268d", "clientId": "f410e6028c31d7a21027819529494d32", "registerDate": "2021-03-05T00:00:00", "installments": [{"installmentId": "e7fe835f3bc703e5d4611d7e0ea42e82", "dueDate": "2021-05-13T00:00:00", "installmentValue": "31.99"}, {"installmentId": "fa978a2e83a578c7ded016b51edea425", "dueDate": "2021-07-13T00:00:00", "installmentValue": "31.99"}, {"installmentId": "2d622e6729670794fb592d6250aad906", "dueDate": "2021-04-13T00:00:00", "installmentValue": "31.99"}, {"installmentId": "a9d3603a0a49bf48698322b3a4b54388", "dueDate": "2021-06-13T00:00:00", "installmentValue": "31.99"}, {"installmentId": "3725eaaac6caadfe4b4905e72d0fe775", "dueDate": "2021-08-13T00:00:00", "installmentValue": "32.01"}]}