{"originationId": "49587e64e81f649fc18d19d4068522d5", "clientId": "325b151853ff0d5da763597a07ec64ee", "registerDate": "2021-04-09T00:00:00", "installments": [{"installmentId": "1abc45cdd3bf4028c8eea05c33ae15e1", "dueDate": "2021-08-15T00:00:00", "installmentValue": "42.48"}, {"installmentId": "3881c51438aa77f090a74af66c01d2ba", "dueDate": "2021-05-15T00:00:00", "installmentValue": "42.47"}, {"installmentId": "102f173e19a9e985aae42b9a792eaf8c", "dueDate": "2021-07-15T00:00:00", "installmentValue": "42.47"}, {"installmentId": "6c095e4dfc9170758e973c2b15711e73", "dueDate": "2021-06-15T00:00:00", "installmentValue": "42.47"}]}