{"originationId": "4d1618174d8f1d089ad48e1d79c8922d", "clientId": "ea305a7dffe103ef29058d2ec97e9df8", "registerDate": "2021-04-23T00:00:00", "installments": [{"installmentId": "eac4600e04b1928f4d07a40a4272b84b", "dueDate": "2021-07-20T00:00:00", "installmentValue": "20.00"}, {"installmentId": "4961bcba8e5c9121fc2b3dd68890e55d", "dueDate": "2021-10-20T00:00:00", "installmentValue": "19.98"}, {"installmentId": "5f9b5d977dabdf1a1f85be24c4246a06", "dueDate": "2021-08-20T00:00:00", "installmentValue": "20.00"}, {"installmentId": "1496b71f221099c7bc925c68801a7176", "dueDate": "2021-06-20T00:00:00", "installmentValue": "20.00"}, {"installmentId": "51b55f484ac05c7c3c511ab0063ec1a1", "dueDate": "2021-09-20T00:00:00", "installmentValue": "20.00"}]}