{"originationId": "4d2acc21b19bc302cf6ec1920a7805fe", "clientId": "49dcdad82e0863575817e50b7c5daed0", "registerDate": "2021-05-15T00:00:00", "installments": [{"installmentId": "0b44ae868c58402da58d71419b2fa8f8", "dueDate": "2021-12-15T00:00:00", "installmentValue": "438.95"}, {"installmentId": "45746ed9e827b64a8a3e1b638cc69001", "dueDate": "2021-09-15T00:00:00", "installmentValue": "438.95"}, {"installmentId": "96777f62564f9813cc3c9098818bd99a", "dueDate": "2021-11-15T00:00:00", "installmentValue": "438.95"}, {"installmentId": "3dd533c1b4e9dcfe20a6d863d04800b3", "dueDate": "2022-02-15T00:00:00", "installmentValue": "438.95"}, {"installmentId": "8ffcd817828bda59931d0d1d6e36eb45", "dueDate": "2021-07-15T00:00:00", "installmentValue": "438.95"}, {"installmentId": "c153f68901be84b6497039b387e11a87", "dueDate": "2022-01-15T00:00:00", "installmentValue": "438.95"}, {"installmentId": "2669d22cc22302f4f781b5a5dc27121a", "dueDate": "2022-03-15T00:00:00", "installmentValue": "438.96"}, {"installmentId": "2188d2dee512c910a63c88ce228aa2a4", "dueDate": "2021-08-15T00:00:00", "installmentValue": "438.95"}, {"installmentId": "3565f819317512e66d864c8f0ef09fa0", "dueDate": "2021-06-15T00:00:00", "installmentValue": "438.95"}, {"installmentId": "e632c6c977262320cf0db8c5a9cecf17", "dueDate": "2021-10-15T00:00:00", "installmentValue": "438.95"}]}