{"originationId": "4f7f337f643a33da7259c2010a74ced2", "clientId": "5c3ace5cbc999f8ef4dac732012da04c", "registerDate": "2021-04-03T00:00:00", "installments": [{"installmentId": "ed119e87e83616f5baee46a250a0a246", "dueDate": "2021-04-20T00:00:00", "installmentValue": "129.97"}, {"installmentId": "bad215eb4a4ca1d61d31188f9e06cb35", "dueDate": "2021-06-20T00:00:00", "installmentValue": "129.97"}, {"installmentId": "9920cb0abbe5d94dc150af0f0b751029", "dueDate": "2021-08-20T00:00:00", "installmentValue": "129.99"}, {"installmentId": "eb693330e7b112f5740327d953315225", "dueDate": "2021-05-20T00:00:00", "installmentValue": "129.97"}, {"installmentId": "a106a807555c490ef360b6a4e1e4a553", "dueDate": "2021-07-20T00:00:00", "installmentValue": "129.97"}]}