{"originationId": "55d9620b1816b21a26100e66201ac9c4", "clientId": "ea305a7dffe103ef29058d2ec97e9df8", "registerDate": "2021-03-06T00:00:00", "installments": [{"installmentId": "80c8813bd3b4d68f718304d30ad063f4", "dueDate": "2021-03-20T00:00:00", "installmentValue": "18.09"}, {"installmentId": "b0f4ef741890c5528ccd59be5fd1b55e", "dueDate": "2021-10-20T00:00:00", "installmentValue": "18.09"}, {"installmentId": "185c1ab86cad91ad0c0b6a2c2063d7cc", "dueDate": "2021-04-20T00:00:00", "installmentValue": "18.09"}, {"installmentId": "7320f3b0e8488d56c2d4d4e918a4e644", "dueDate": "2021-12-20T00:00:00", "installmentValue": "18.08"}, {"installmentId": "29c55e48666fed918dc6f71991972d31", "dueDate": "2021-05-20T00:00:00", "installmentValue": "18.09"}, {"installmentId": "0e30bccf6a699ac03942a352c8b1778a", "dueDate": "2021-07-20T00:00:00", "installmentValue": "18.09"}, {"installmentId": "0a9694ef1ec049157979bf81ccf44f3b", "dueDate": "2021-06-20T00:00:00", "installmentValue": "18.09"}, {"installmentId": "b9ef2ce964ad3ba7bec7850740ed64c3", "dueDate": "2021-08-20T00:00:00", "installmentValue": "18.09"}, {"installmentId": "5247a45340261fc3e7d785082fe0759f", "dueDate": "2021-09-20T00:00:00", "installmentValue": "18.09"}, {"installmentId": "8b88cc4765fda999dc7ae300f48e2d9a", "dueDate": "2021-11-20T00:00:00", "installmentValue": "18.09"}]}