{"originationId": "579bda53598a68f67888ab7072ca144d", "clientId": "ae6de62667d399d67a0a4e99a615144b", "registerDate": "2021-05-26T00:00:00", "installments": [{"installmentId": "4c5da518fd21426be7a77beccab3f06c", "dueDate": "2021-08-15T00:00:00", "installmentValue": "20.99"}, {"installmentId": "2348499a05b920b6d169f3b08010a9f0", "dueDate": "2021-07-15T00:00:00", "installmentValue": "20.99"}, {"installmentId": "3e7ace4e977f9c83e463c7b5808a91cf", "dueDate": "2021-11-15T00:00:00", "installmentValue": "21.00"}, {"installmentId": "71b414510644091105238acfb1cf7e2a", "dueDate": "2021-09-15T00:00:00", "installmentValue": "20.99"}, {"installmentId": "901ac5ac2d4c1b28ac1d28f2fff57816", "dueDate": "2021-10-15T00:00:00", "installmentValue": "20.99"}]}