{"originationId": "57b8967e39028a31aee7a957a442e1ea", "clientId": "707ffec7c6185f4dcef822a5939cdabf", "registerDate": "2021-06-01T00:00:00", "installments": [{"installmentId": "28addaf858a06fa951cbe38789f15b91", "dueDate": "2021-06-28T00:00:00", "installmentValue": "19.99"}, {"installmentId": "81a5b3eb7a00aeb68f0dc0427666e066", "dueDate": "2021-07-28T00:00:00", "installmentValue": "19.99"}, {"installmentId": "9dde83bf779fbcbca43dd3f5653e5317", "dueDate": "2021-08-28T00:00:00", "installmentValue": "20.00"}]}