{"originationId": "57e341515863860d35bf9d7087b78318", "clientId": "473f7ebd49263d84c18f006e6e0a8a08", "registerDate": "2021-03-04T00:00:00", "installments": [{"installmentId": "cc78b46d79266180c931401484d1ba32", "dueDate": "2021-07-15T00:00:00", "installmentValue": "11.99"}, {"installmentId": "0540f33684e346c49eb6fcdfa28ef09c", "dueDate": "2021-05-15T00:00:00", "installmentValue": "12.00"}, {"installmentId": "b42e00fc0794f7da87c69c74e8b10863", "dueDate": "2021-04-15T00:00:00", "installmentValue": "12.00"}, {"installmentId": "0264b7f0ed29462b21673c10b3e5bee2", "dueDate": "2021-03-15T00:00:00", "installmentValue": "12"}, {"installmentId": "774c60063b60035c554a205342c62c71", "dueDate": "2021-06-15T00:00:00", "installmentValue": "12.00"}]}