{"originationId": "5860f565d50df3acf4c3cf9416b59def", "clientId": "ba58214d7ea262b314d3229d4430d36c", "registerDate": "2021-05-15T00:00:00", "installments": [{"installmentId": "afb10ad70a48331e6dbfeb7e6a533844", "dueDate": "2021-10-15T00:00:00", "installmentValue": "100.77"}, {"installmentId": "bc56687701c69697bca1636e2e3c504c", "dueDate": "2021-07-15T00:00:00", "installmentValue": "100.78"}, {"installmentId": "d415fd50d485e0a6b81512a60e4a1c32", "dueDate": "2021-08-15T00:00:00", "installmentValue": "100.78"}, {"installmentId": "7ea00981aef4db0f788f0dfd598a4f6c", "dueDate": "2021-06-15T00:00:00", "installmentValue": "100.78"}, {"installmentId": "9583022c1077838319b614a7ba00716f", "dueDate": "2021-09-15T00:00:00", "installmentValue": "100.78"}]}