{"originationId": "5bb55f11a27cfeb38f82b9c985fdb235", "clientId": "d5cc77d7a50d08b31428881fde1cb2ef", "registerDate": "2021-02-05T00:00:00", "installments": [{"installmentId": "5d336baa7810e6182f36e2481b0d161f", "dueDate": "2021-04-10T00:00:00", "installmentValue": "131.37"}, {"installmentId": "d75efc7f2d0d15fb5aee428d64da9f25", "dueDate": "2021-07-10T00:00:00", "installmentValue": "131.37"}, {"installmentId": "5216c2fd80df84b5c9863827212a003c", "dueDate": "2021-05-10T00:00:00", "installmentValue": "131.37"}, {"installmentId": "149205ba8ff37ca3e95cd953b3652939", "dueDate": "2021-03-10T00:00:00", "installmentValue": "131.37"}, {"installmentId": "0944a7177edb25656cfbc62ee41272b3", "dueDate": "2021-06-10T00:00:00", "installmentValue": "131.37"}]}