{"originationId": "5ccdef0949b490b8547170bb631ee8a1", "clientId": "3db41c6d9166ff9e287e7766484ac705", "registerDate": "2021-06-06T00:00:00", "installments": [{"installmentId": "2684c6f9ff92b010314013c3de299e40", "dueDate": "2021-12-05T00:00:00", "installmentValue": "95.67"}, {"installmentId": "2e9524f2b7837ce708082d0f2e3eae7b", "dueDate": "2021-07-05T00:00:00", "installmentValue": "95.67"}, {"installmentId": "5ae960201e72c2b6f10b15a680b23f17", "dueDate": "2022-02-05T00:00:00", "installmentValue": "95.67"}, {"installmentId": "256a0ba56f7339424d13656986abe476", "dueDate": "2022-04-05T00:00:00", "installmentValue": "95.69"}, {"installmentId": "67c14e993d596bfd28f4a8b68c52b0ae", "dueDate": "2022-03-05T00:00:00", "installmentValue": "95.67"}, {"installmentId": "5e3e56319f4d46e2ecf4c6342500f0da", "dueDate": "2021-08-05T00:00:00", "installmentValue": "95.67"}, {"installmentId": "780ed592329f63b4c10f9fd2d9ce0519", "dueDate": "2022-01-05T00:00:00", "installmentValue": "95.67"}, {"installmentId": "410e2fe5ed8615e6ecf56240361e7e4d", "dueDate": "2021-10-05T00:00:00", "installmentValue": "95.67"}, {"installmentId": "5b3e12137ba00860dfb122e0d71b94c7", "dueDate": "2021-09-05T00:00:00", "installmentValue": "95.67"}, {"installmentId": "4ce0916c9fbe6773327fe5733bf9c85f", "dueDate": "2021-11-05T00:00:00", "installmentValue": "95.67"}]}