{"originationId": "5e143148cba2d3db9b664fe4c94ac74c", "clientId": "9f93026c550a88cc1ba84255842d3b61", "registerDate": "2021-05-22T00:00:00", "installments": [{"installmentId": "89eff587cb39b007b588b819ed731a4d", "dueDate": "2021-12-15T00:00:00", "installmentValue": "24.99"}, {"installmentId": "a3671b17beb4c7ac45fa171074df68f5", "dueDate": "2022-03-15T00:00:00", "installmentValue": "24.99"}, {"installmentId": "188b57b162159dac4f62d5ffe0d560cb", "dueDate": "2021-09-15T00:00:00", "installmentValue": "24.99"}, {"installmentId": "024095c119025f07df9c5878472db3a7", "dueDate": "2022-04-15T00:00:00", "installmentValue": "24.99"}, {"installmentId": "63dcfcd367b61fce294a13ad33e11e65", "dueDate": "2021-11-15T00:00:00", "installmentValue": "24.99"}, {"installmentId": "ed44fc55d891851b76d605995381a4d6", "dueDate": "2021-08-15T00:00:00", "installmentValue": "24.99"}, {"installmentId": "cac5dc175021f722264a1515ffdfcb36", "dueDate": "2022-01-15T00:00:00", "installmentValue": "24.99"}, {"installmentId": "e04c2c9fc4603a35c38952e0cf1a0ad8", "dueDate": "2021-10-15T00:00:00", "installmentValue": "24.99"}, {"installmentId": "318787186d8a0e93d4db042e8d9a120b", "dueDate": "2021-07-15T00:00:00", "installmentValue": "24.99"}, {"installmentId": "6b6cdf4b152aeff82a2d9392cb09206a", "dueDate": "2022-02-15T00:00:00", "installmentValue": "24.99"}]}