{"originationId": "5ffdb2d104463be2b383ede848bab26f", "clientId": "a4ceb92fbea522d953abad016b3efacd", "registerDate": "2021-01-12T00:00:00", "installments": [{"installmentId": "41187a7cf203ea1436b8221f6e7607d5", "dueDate": "2021-02-15T00:00:00", "installmentValue": "179.49"}, {"installmentId": "2ab9f1d26d92c9d1aa691fdcdd7b093e", "dueDate": "2021-06-15T00:00:00", "installmentValue": "179.47"}, {"installmentId": "2af8648fc01caab80ed5bf3c262ff1de", "dueDate": "2021-03-15T00:00:00", "installmentValue": "179.49"}, {"installmentId": "193360ca94e8159616627f9716b470b7", "dueDate": "2021-04-15T00:00:00", "installmentValue": "179.49"}, {"installmentId": "41446cb41ace2194b8b9fbe0a453a262", "dueDate": "2021-05-15T00:00:00", "installmentValue": "179.49"}]}