{"originationId": "6055100840a20aa091c142acdfa19c38", "clientId": "ea59595ec3a99b26960167cb49da1f0b", "registerDate": "2021-06-10T00:00:00", "installments": [{"installmentId": "075e70579179af7b9d13723ac0774991", "dueDate": "2021-12-10T00:00:00", "installmentValue": "35.99"}, {"installmentId": "81bbc581eb1793cfa4d6956a5ccab0a7", "dueDate": "2022-03-10T00:00:00", "installmentValue": "35.99"}, {"installmentId": "f28d35be571420d7f9c15695f1b7e117", "dueDate": "2021-07-10T00:00:00", "installmentValue": "35.99"}, {"installmentId": "ea98524621c32d77af69b07fe59da59d", "dueDate": "2021-09-10T00:00:00", "installmentValue": "35.99"}, {"installmentId": "b4e36a3c5b32372cac5487fa25b389ec", "dueDate": "2022-02-10T00:00:00", "installmentValue": "35.99"}, {"installmentId": "7bc251b74a13f36ea1311c8a267cbb68", "dueDate": "2022-01-10T00:00:00", "installmentValue": "35.99"}, {"installmentId": "66f5898ae047090bfc13ed0480f316f7", "dueDate": "2021-10-10T00:00:00", "installmentValue": "35.99"}, {"installmentId": "75a982fea1d4e49c3ccb70614b1e013a", "dueDate": "2021-08-10T00:00:00", "installmentValue": "35.99"}, {"installmentId": "7a6b2cbd8483ad3b2ff6cfce3a86e35d", "dueDate": "2022-04-10T00:00:00", "installmentValue": "36.03"}, {"installmentId": "4d144bd1a5ae09d1c46df27267d41a3b", "dueDate": "2021-11-10T00:00:00", "installmentValue": "35.99"}]}