{"originationId": "60f5f9a0eb25ae8a0471a6d5f0dc74b7", "clientId": "b3ed3b856056396eac59b1aab17aa23a", "registerDate": "2021-01-08T00:00:00", "installments": [{"installmentId": "d1c51d638c4b7f062bf8a6185f6a4f47", "dueDate": "2021-02-15T00:00:00", "installmentValue": "49.48"}, {"installmentId": "709c803f220c83375b5df6913c63bd06", "dueDate": "2021-06-15T00:00:00", "installmentValue": "49.47"}, {"installmentId": "3cce9c61b8d48a1bbab7fe00f25ea4e5", "dueDate": "2021-04-15T00:00:00", "installmentValue": "49.48"}, {"installmentId": "92863412b9c7d70e03beeaa988c3b13e", "dueDate": "2021-03-15T00:00:00", "installmentValue": "49.48"}, {"installmentId": "9df9b69ee9eb6d9b491cf6af618d6b92", "dueDate": "2021-05-15T00:00:00", "installmentValue": "49.48"}]}