{"originationId": "631c1c62c5ab9ec6f315b769e68a4a8e", "clientId": "2c56da5a988614d10e06a70eb912b67a", "registerDate": "2021-05-25T00:00:00", "installments": [{"installmentId": "0af84e43a284051633a5d1e5f5ef5e01", "dueDate": "2021-10-15T00:00:00", "installmentValue": "14.00"}, {"installmentId": "19d9542534fdb8056e5513973602908d", "dueDate": "2021-08-15T00:00:00", "installmentValue": "14.00"}, {"installmentId": "b007beef08617390007fa2fd004f0632", "dueDate": "2021-07-15T00:00:00", "installmentValue": "14.00"}, {"installmentId": "831de6cd8967f279da7662636bb8f304", "dueDate": "2021-11-15T00:00:00", "installmentValue": "13.99"}, {"installmentId": "954ca7dc728082e6a040d89c710a4c2e", "dueDate": "2021-09-15T00:00:00", "installmentValue": "14.00"}]}