{"originationId": "634743516935feeb01a0452b3f9edfbf", "clientId": "11c064a2125765f123e3d62146cb009b", "registerDate": "2021-06-26T00:00:00", "installments": [{"installmentId": "317d75daa48410d4f2eb47198cc36187", "dueDate": "2021-12-10T00:00:00", "installmentValue": "73.97"}, {"installmentId": "4e7675361831dd3b31bb658905f52170", "dueDate": "2021-10-10T00:00:00", "installmentValue": "73.99"}, {"installmentId": "f5faa473e9ff102b44b5700755b8027b", "dueDate": "2021-11-10T00:00:00", "installmentValue": "73.99"}, {"installmentId": "584508100a56ceba82c135ec8e6fc8da", "dueDate": "2021-08-10T00:00:00", "installmentValue": "73.99"}, {"installmentId": "366c27a6e4b7449e70934914977d0694", "dueDate": "2021-09-10T00:00:00", "installmentValue": "73.99"}]}