{"originationId": "66174d18fd9ee9b662be9d66c72abb65", "clientId": "3fcc43605a621c2f1eaf923292bb0363", "registerDate": "2021-04-30T00:00:00", "installments": [{"installmentId": "126fe19229bffed9f091fefa4862dc1a", "dueDate": "2021-09-10T00:00:00", "installmentValue": "201.97"}, {"installmentId": "1969a6eaf83a82c3b7e604d160120a65", "dueDate": "2021-08-10T00:00:00", "installmentValue": "201.97"}, {"installmentId": "8df9b74041e7e42d71a0f5ddff28cf96", "dueDate": "2021-07-10T00:00:00", "installmentValue": "201.97"}, {"installmentId": "cb7f2ae3bd4c5e0a85a51b59a32ee871", "dueDate": "2021-06-10T00:00:00", "installmentValue": "201.97"}, {"installmentId": "3cf2a21fe3219f0b2c69b17b0a142538", "dueDate": "2021-10-10T00:00:00", "installmentValue": "201.99"}]}