{"originationId": "688c6697e2f8c5f9a085fd608029afd0", "clientId": "49d1b8c54f8981e75e159430a0efbe24", "registerDate": "2021-05-12T00:00:00", "installments": [{"installmentId": "16e4920b60318b0f844369bbbbc1ccce", "dueDate": "2021-07-10T00:00:00", "installmentValue": "58.00"}, {"installmentId": "3fee498e48abad2a2fcd9ca69a71953a", "dueDate": "2021-06-10T00:00:00", "installmentValue": "58.00"}, {"installmentId": "4d16e0e19cc1b516b2762180d520035c", "dueDate": "2021-09-10T00:00:00", "installmentValue": "58.00"}, {"installmentId": "955fb060ec0c8d5b4ee7bdb9c19589a4", "dueDate": "2021-10-10T00:00:00", "installmentValue": "57.98"}, {"installmentId": "0990282d2ced42f597cadd8da0905458", "dueDate": "2021-08-10T00:00:00", "installmentValue": "58.00"}]}