{"originationId": "694270a7e0ec7e505d3eed3818b42833", "clientId": "b3ed3b856056396eac59b1aab17aa23a", "registerDate": "2021-05-19T00:00:00", "installments": [{"installmentId": "f68e804bba8877acf627dda7519c79e9", "dueDate": "2021-12-15T00:00:00", "installmentValue": "22.99"}, {"installmentId": "d1119d2d8dff72e8b947f2a4a6a13a79", "dueDate": "2021-10-15T00:00:00", "installmentValue": "22.99"}, {"installmentId": "c71814ca8581479e1bbb3e09b9473e29", "dueDate": "2022-02-15T00:00:00", "installmentValue": "22.99"}, {"installmentId": "29bd7779ad6a9d51ddc2b7d62c4399c6", "dueDate": "2021-07-15T00:00:00", "installmentValue": "22.99"}, {"installmentId": "7a497abb81b775c1f938fbee73adf8b0", "dueDate": "2022-04-15T00:00:00", "installmentValue": "22.99"}, {"installmentId": "5b1cad67c85eaeacf3624ccfbef6893c", "dueDate": "2022-01-15T00:00:00", "installmentValue": "22.99"}, {"installmentId": "d8556d0bef69aabc6268dcdc188aae40", "dueDate": "2022-03-15T00:00:00", "installmentValue": "22.99"}, {"installmentId": "5f0192c511f61b950b5daffadcc402c2", "dueDate": "2021-11-15T00:00:00", "installmentValue": "22.99"}, {"installmentId": "45df6b312d520fd7c58e1ea1f81e44df", "dueDate": "2021-08-15T00:00:00", "installmentValue": "22.99"}, {"installmentId": "233e3127acd8d8782270958100cc003d", "dueDate": "2021-09-15T00:00:00", "installmentValue": "22.99"}]}