{"originationId": "6c94a627fa6c2ee9461f4be0211bb847", "clientId": "024fee06955ee7eca16bfacc1c7b7524", "registerDate": "2021-02-22T00:00:00", "installments": [{"installmentId": "9a1a2f62c51949c5299b1cdd692f8b92", "dueDate": "2021-12-10T00:00:00", "installmentValue": "139.96"}, {"installmentId": "49465cf04361d05df1b6701b183661b5", "dueDate": "2021-07-10T00:00:00", "installmentValue": "139.96"}, {"installmentId": "169050f643f65858fb3a7945ef93036f", "dueDate": "2021-11-10T00:00:00", "installmentValue": "139.96"}, {"installmentId": "b3ea09825c96469cdfaafe4f312c0096", "dueDate": "2021-06-10T00:00:00", "installmentValue": "139.96"}, {"installmentId": "7b1d052af1c039075d2974871ea28308", "dueDate": "2021-05-10T00:00:00", "installmentValue": "139.96"}, {"installmentId": "54e540e2f1cb9ef9a4a898a4a5bb2d73", "dueDate": "2021-04-10T00:00:00", "installmentValue": "139.96"}, {"installmentId": "d0a29cc9fe7b4cfa385859e3aafb868e", "dueDate": "2021-09-10T00:00:00", "installmentValue": "139.96"}, {"installmentId": "914edcf7f9223932d07c27e01ec50057", "dueDate": "2021-10-10T00:00:00", "installmentValue": "139.96"}, {"installmentId": "c95db2a9162df7c7bff9d54517731fa0", "dueDate": "2022-01-10T00:00:00", "installmentValue": "139.96"}, {"installmentId": "5b0cf78a8a15c09ea7b3ed5231e6cf35", "dueDate": "2021-08-10T00:00:00", "installmentValue": "139.96"}]}