{"originationId": "6cc26fa8705a98a85e8f7a782a236eee", "clientId": "5124dd44dd48b0f92da126790b7597f4", "registerDate": "2021-03-12T00:00:00", "installments": [{"installmentId": "4672bdad01d2841ba6e51dbd557fa60c", "dueDate": "2021-05-10T00:00:00", "installmentValue": "25.99"}, {"installmentId": "211ecf7578b66d4594f4c4f76501b359", "dueDate": "2021-04-10T00:00:00", "installmentValue": "25.99"}, {"installmentId": "aa8c045be54a51f38860cd48365a43af", "dueDate": "2021-07-10T00:00:00", "installmentValue": "25.99"}, {"installmentId": "df695f327cb4b440714c89ee2d549f58", "dueDate": "2021-08-10T00:00:00", "installmentValue": "25.98"}, {"installmentId": "f6aa4ad704539d159fbdd61228e4309e", "dueDate": "2021-06-10T00:00:00", "installmentValue": "25.99"}]}