{"originationId": "6d04feedfdbee97822e8f4f13ae46056", "clientId": "b7c876c42ef5628804a1a22a191fb4fc", "registerDate": "2021-04-11T00:00:00", "installments": [{"installmentId": "775891abcb00af124fe38aa7cbee4e4e", "dueDate": "2021-06-15T00:00:00", "installmentValue": "22.85"}, {"installmentId": "930b0669797011d791c58a7c46cee567", "dueDate": "2021-05-15T00:00:00", "installmentValue": "22.85"}, {"installmentId": "3fb50d094f34bdbad00563fa13b32fb2", "dueDate": "2021-07-15T00:00:00", "installmentValue": "22.84"}]}