{"originationId": "6d4e56748db441b06c5dd6f95fed6b3f", "clientId": "473f7ebd49263d84c18f006e6e0a8a08", "registerDate": "2021-06-27T00:00:00", "installments": [{"installmentId": "08a8b742cce7b4a130c119b38894ce4e", "dueDate": "2021-12-15T00:00:00", "installmentValue": "92.75"}, {"installmentId": "a79c39687c240d224bbb5ef2d4a14c9f", "dueDate": "2021-09-15T00:00:00", "installmentValue": "92.75"}, {"installmentId": "7b32b1d06e15d5a3d119e9a309edb56e", "dueDate": "2022-05-15T00:00:00", "installmentValue": "92.74"}, {"installmentId": "40ffc634e683c9b60e8e11246d8da46a", "dueDate": "2022-02-15T00:00:00", "installmentValue": "92.75"}, {"installmentId": "2480f58ca331f7ced63135199a7d4d55", "dueDate": "2021-10-15T00:00:00", "installmentValue": "92.75"}, {"installmentId": "c2efde2a87a915a11466d3e9bd0c7fad", "dueDate": "2022-01-15T00:00:00", "installmentValue": "92.75"}, {"installmentId": "467f20680b92cb167074c7e541a0930e", "dueDate": "2021-08-15T00:00:00", "installmentValue": "92.75"}, {"installmentId": "db93c3488b5b6c992e9c1a31243e3b3e", "dueDate": "2022-04-15T00:00:00", "installmentValue": "92.75"}, {"installmentId": "e22c865ab0793a63f476945bfe9a1ca6", "dueDate": "2022-03-15T00:00:00", "installmentValue": "92.75"}, {"installmentId": "fdbd2f6135820352e5aec0cbb268cded", "dueDate": "2021-11-15T00:00:00", "installmentValue": "92.75"}]}