{"originationId": "6da0dd66cbbaa5baac74c1e8f3cfcd7a", "clientId": "473f7ebd49263d84c18f006e6e0a8a08", "registerDate": "2021-05-15T00:00:00", "installments": [{"installmentId": "791c9d0dd0e91177e955bff53e9a33c1", "dueDate": "2021-10-15T00:00:00", "installmentValue": "23.98"}, {"installmentId": "a07e7f2a41acbae08e15565efa0b7595", "dueDate": "2021-07-15T00:00:00", "installmentValue": "24.00"}, {"installmentId": "b4c92b68128675f8f1b13ef848ccfb1b", "dueDate": "2021-09-15T00:00:00", "installmentValue": "24.00"}, {"installmentId": "6a8ce7474a57ed2cee8bfdd3eb51fd8e", "dueDate": "2021-08-15T00:00:00", "installmentValue": "24.00"}, {"installmentId": "d4f9e6ebf180e536aaa29b204f0ef4b5", "dueDate": "2021-06-15T00:00:00", "installmentValue": "24.00"}]}