{"originationId": "70b667174b9e6e7b2465d4a2bc3a21bf", "clientId": "bd8a4d27fd4ad278710edcb0671aea34", "registerDate": "2021-06-12T00:00:00", "installments": [{"installmentId": "1ee6692b4e4bd46b9b019857e074314a", "dueDate": "2021-12-13T00:00:00", "installmentValue": "149.47"}, {"installmentId": "326b36abe0fde9ddbbe2e8a8bfc8a21e", "dueDate": "2021-11-13T00:00:00", "installmentValue": "149.44"}, {"installmentId": "1b498647eab916a6416a3886b2d80e06", "dueDate": "2021-07-13T00:00:00", "installmentValue": "149.44"}, {"installmentId": "9c72ef13a147e7e7c3cce079b588c737", "dueDate": "2021-09-13T00:00:00", "installmentValue": "149.44"}, {"installmentId": "34408f9f056d23835e8ee2acf12268f5", "dueDate": "2021-08-13T00:00:00", "installmentValue": "149.44"}, {"installmentId": "2f2606820116ce16196cae2bbe93ac76", "dueDate": "2021-10-13T00:00:00", "installmentValue": "149.44"}]}