{"originationId": "7358f466fa126509d5f939f0d4b6ebf9", "clientId": "505cb56905202e98fa26a77c3aebdf13", "registerDate": "2021-03-25T00:00:00", "installments": [{"installmentId": "2e3f76a378afaf5be7dbd5d3e9b68f13", "dueDate": "2021-07-25T00:00:00", "installmentValue": "45.59"}, {"installmentId": "7f542a252a1c813610854dec65ec07ff", "dueDate": "2021-05-25T00:00:00", "installmentValue": "45.59"}, {"installmentId": "b44fa4b25df813ca94d27aa946b63492", "dueDate": "2021-06-25T00:00:00", "installmentValue": "45.59"}, {"installmentId": "4a038a18c98329abc4f622dfcc5e7bfb", "dueDate": "2021-08-25T00:00:00", "installmentValue": "45.59"}, {"installmentId": "e2cd3185d101f31a236816b154a8481e", "dueDate": "2021-09-25T00:00:00", "installmentValue": "45.57"}]}