{"originationId": "73c95ea922cbfb137a4a1a85389a18f6", "clientId": "9644ab7c96a04b37a43740e83c22abb1", "registerDate": "2021-05-21T00:00:00", "installments": [{"installmentId": "fadab41141e42b9cd63b6eba858a39ab", "dueDate": "2021-09-15T00:00:00", "installmentValue": "6.00"}, {"installmentId": "110216f1c784367c270e786a19ef2ebf", "dueDate": "2021-07-15T00:00:00", "installmentValue": "6.00"}, {"installmentId": "f2ce60b4aa61a419f4b69a78cfafa9c1", "dueDate": "2021-10-15T00:00:00", "installmentValue": "6.00"}, {"installmentId": "6b85dd316fe817e3b958e7e0255b2688", "dueDate": "2021-08-15T00:00:00", "installmentValue": "6.00"}, {"installmentId": "6f4b09024a2de9f286722ae5e63dcb1b", "dueDate": "2021-11-15T00:00:00", "installmentValue": "6.00"}]}