{"originationId": "74f0de90ad567fc79fec17e2abdf220c", "clientId": "e6ecc33a4b22b600fc5b07441fbd0767", "registerDate": "2021-04-16T00:00:00", "installments": [{"installmentId": "57a07d4d8789b9fe30bf569a712f8451", "dueDate": "2021-08-15T00:00:00", "installmentValue": "64.89"}, {"installmentId": "b646d4ff52812088d271ecd4cdcdbb4d", "dueDate": "2021-05-15T00:00:00", "installmentValue": "64.89"}, {"installmentId": "76163cd23e3593cc7775a26b873b6e4e", "dueDate": "2021-06-15T00:00:00", "installmentValue": "64.89"}, {"installmentId": "862477f7e5e73938cce69045998d748c", "dueDate": "2021-07-15T00:00:00", "installmentValue": "64.89"}, {"installmentId": "9c90b9d2d09f27f84e129523996c0182", "dueDate": "2021-09-15T00:00:00", "installmentValue": "64.89"}]}