{"originationId": "759394754c5c51a63bbda9c1b0cda030", "clientId": "76bd13c9636958d2983551e08b9dffe6", "registerDate": "2021-03-27T00:00:00", "installments": [{"installmentId": "ef4e14e9a6ffd391eb312e35be2875e4", "dueDate": "2021-12-13T00:00:00", "installmentValue": "7.99"}, {"installmentId": "0290338ed175ec00569f5fa8282d1305", "dueDate": "2021-05-13T00:00:00", "installmentValue": "7.99"}, {"installmentId": "27d06e46951d1f4511beb5107c4d2cb2", "dueDate": "2021-09-13T00:00:00", "installmentValue": "7.99"}, {"installmentId": "f5c0a5adf472d071d0f0f49833243880", "dueDate": "2021-08-13T00:00:00", "installmentValue": "7.99"}, {"installmentId": "f8658cfec4ba77affc80ae68d7970543", "dueDate": "2022-01-13T00:00:00", "installmentValue": "7.99"}, {"installmentId": "c18b1a4e4ed20bf626f968dc3943aaf0", "dueDate": "2022-02-13T00:00:00", "installmentValue": "7.99"}, {"installmentId": "8bf41a794f486218f259a300facc22a8", "dueDate": "2021-10-13T00:00:00", "installmentValue": "7.99"}, {"installmentId": "7f51473951773e5da431fcf8cb2cec8b", "dueDate": "2021-11-13T00:00:00", "installmentValue": "7.99"}, {"installmentId": "0ab5496206a91bdee4b9b222f6bd304e", "dueDate": "2021-06-13T00:00:00", "installmentValue": "7.99"}, {"installmentId": "1da6a2ff97adf8088bc233aed6694f90", "dueDate": "2021-07-13T00:00:00", "installmentValue": "7.99"}]}