{"originationId": "779759a9a440ba18d46ef9a5a635573e", "clientId": "06110ad42c7521723babdb83657d0696", "registerDate": "2021-06-04T00:00:00", "installments": [{"installmentId": "d7e1645beacedeaae492582532595850", "dueDate": "2021-11-25T00:00:00", "installmentValue": "19.00"}, {"installmentId": "7912d5ca7491ece0685e96e25e0705b9", "dueDate": "2021-06-25T00:00:00", "installmentValue": "19.00"}, {"installmentId": "d48e5c8bdc003c066612d21f4d16502a", "dueDate": "2022-03-25T00:00:00", "installmentValue": "18.96"}, {"installmentId": "ceac99636948553e6f9d6a97c7720c1f", "dueDate": "2022-02-25T00:00:00", "installmentValue": "19.00"}, {"installmentId": "dc8080661bed4b146b969263a522cfae", "dueDate": "2021-12-25T00:00:00", "installmentValue": "19.00"}, {"installmentId": "333edb3353c5df87d29d35c8a4d89499", "dueDate": "2021-07-25T00:00:00", "installmentValue": "19.00"}, {"installmentId": "01b5b6f96c0a13ec3f04d5e744541630", "dueDate": "2022-01-25T00:00:00", "installmentValue": "19.00"}, {"installmentId": "1ed6f7bb4da42f2d314f9065c0262206", "dueDate": "2021-09-25T00:00:00", "installmentValue": "19.00"}, {"installmentId": "b929273419b5ee87688c838948e6d237", "dueDate": "2021-08-25T00:00:00", "installmentValue": "19.00"}, {"installmentId": "21cb8eec3f6be8a9aef79d7ccc3e45d0", "dueDate": "2021-10-25T00:00:00", "installmentValue": "19.00"}]}