{"originationId": "7801b32b05eef120a8e484fb9dd60d32", "clientId": "4b856296edf493b9e4208ad200ab1c2e", "registerDate": "2021-02-04T00:00:00", "installments": [{"installmentId": "40e4682fcf92285f310cdeca49363113", "dueDate": "2021-10-28T00:00:00", "installmentValue": "27.99"}, {"installmentId": "83797ce970d65b79a3e7caaa2803bc6d", "dueDate": "2021-04-28T00:00:00", "installmentValue": "27.99"}, {"installmentId": "2498a54999e8c7cd4b7b34866dbad19a", "dueDate": "2021-11-28T00:00:00", "installmentValue": "27.99"}, {"installmentId": "159e970512bfb2986136ae90edabef91", "dueDate": "2021-05-28T00:00:00", "installmentValue": "27.99"}, {"installmentId": "1296486b2775f0fba9c474596a1cb395", "dueDate": "2021-02-28T00:00:00", "installmentValue": "27.99"}, {"installmentId": "28d1f84f7e4968313d0ae3a108c4837b", "dueDate": "2021-06-28T00:00:00", "installmentValue": "27.99"}, {"installmentId": "9b2472bf6f0e0fe7dcba3d5e4244cd4d", "dueDate": "2021-03-28T00:00:00", "installmentValue": "27.99"}, {"installmentId": "14053ef81e4ac7bad9c01aa046a709f7", "dueDate": "2021-07-28T00:00:00", "installmentValue": "27.99"}, {"installmentId": "559922c30923729191131a44821e9eae", "dueDate": "2021-08-28T00:00:00", "installmentValue": "27.99"}, {"installmentId": "e2852960e1b647de9a79c0dcea6db163", "dueDate": "2021-09-28T00:00:00", "installmentValue": "27.99"}]}