{"originationId": "7890004b0b0509826028da59a31778fb", "clientId": "f410e6028c31d7a21027819529494d32", "registerDate": "2021-02-05T00:00:00", "installments": [{"installmentId": "252fd650b06163330566770e0101e30d", "dueDate": "2021-05-13T00:00:00", "installmentValue": "74.99"}, {"installmentId": "792aa4eb8fe1b9f434b42239e9b16b0a", "dueDate": "2021-07-13T00:00:00", "installmentValue": "75.00"}, {"installmentId": "37bbc1f9bdb6cc9bbe9038fc751f641d", "dueDate": "2021-04-13T00:00:00", "installmentValue": "74.99"}, {"installmentId": "8d6f9309d601f68ef4b1749fc33a573a", "dueDate": "2021-03-13T00:00:00", "installmentValue": "74.99"}, {"installmentId": "8221db759a184318144aa77f8bb9b4cc", "dueDate": "2021-06-13T00:00:00", "installmentValue": "74.99"}]}