{"originationId": "79d7707a0682f5cd957320304c988a6d", "clientId": "21319a46363cf4a85c2b070e720cd7ad", "registerDate": "2021-06-04T00:00:00", "installments": [{"installmentId": "0e418553de274827bf569e3eeca7eade", "dueDate": "2021-08-15T00:00:00", "installmentValue": "53.99"}, {"installmentId": "4c6a6677b2c92112b9742c264b4e0395", "dueDate": "2021-06-15T00:00:00", "installmentValue": "53.99"}, {"installmentId": "d90c673ae065712d4918c1c8513e3025", "dueDate": "2021-07-15T00:00:00", "installmentValue": "53.99"}, {"installmentId": "de976906109f9b272bedef6bae70c8fe", "dueDate": "2021-09-15T00:00:00", "installmentValue": "53.99"}]}