{"originationId": "79d908b40a8c662692861aee25c45b0f", "clientId": "465c90e4f838dca50083d3620da11178", "registerDate": "2021-04-14T00:00:00", "installments": [{"installmentId": "b3a789cd8da25055a32ec2f3be62b49c", "dueDate": "2021-12-10T00:00:00", "installmentValue": "27.99"}, {"installmentId": "928e73879ad98738de3e1f304bfebf6a", "dueDate": "2021-07-10T00:00:00", "installmentValue": "27.99"}, {"installmentId": "19467aca73709d62c88811783073829a", "dueDate": "2021-09-10T00:00:00", "installmentValue": "27.99"}, {"installmentId": "eaa5abace45a23fa664ca922b7a9b3bf", "dueDate": "2021-05-10T00:00:00", "installmentValue": "27.99"}, {"installmentId": "034796687333cc32275af81644308cac", "dueDate": "2022-01-10T00:00:00", "installmentValue": "27.99"}, {"installmentId": "da43d1fabd32379fd03433bd9e25e243", "dueDate": "2021-11-10T00:00:00", "installmentValue": "27.99"}, {"installmentId": "71d1f5724eea8369b320f24b9f005e8c", "dueDate": "2022-02-10T00:00:00", "installmentValue": "27.99"}, {"installmentId": "5cf9450898c22b40a9b109f95bee7285", "dueDate": "2021-06-10T00:00:00", "installmentValue": "27.99"}, {"installmentId": "a0ef43037aa3cf189e53422cce16c2bb", "dueDate": "2021-08-10T00:00:00", "installmentValue": "27.99"}, {"installmentId": "f464fa1599f01afe5424cbbea9e69dc8", "dueDate": "2021-10-10T00:00:00", "installmentValue": "27.99"}]}