{"originationId": "7a559abb398bfba846c47815f629b378", "clientId": "ea59595ec3a99b26960167cb49da1f0b", "registerDate": "2021-06-03T00:00:00", "installments": [{"installmentId": "2bc8cd6298a67e75bbd13f7cbc4aa838", "dueDate": "2021-07-10T00:00:00", "installmentValue": "10.99"}, {"installmentId": "3aa5aada54ef54ccca595cefe3a1f15b", "dueDate": "2021-08-10T00:00:00", "installmentValue": "10.99"}, {"installmentId": "ef0e368f67b70b49fe565a64c8a0305c", "dueDate": "2021-12-10T00:00:00", "installmentValue": "10.99"}, {"installmentId": "977783c1468442ff5bfb67c35684c7ae", "dueDate": "2022-03-10T00:00:00", "installmentValue": "10.99"}, {"installmentId": "7a8e3d715ead46ffa75579908efe6678", "dueDate": "2021-09-10T00:00:00", "installmentValue": "10.99"}, {"installmentId": "681b3cc0d77b96a55a42c24559736081", "dueDate": "2022-04-10T00:00:00", "installmentValue": "11.03"}, {"installmentId": "25f323a49a25ca72f12b0744812ff88d", "dueDate": "2022-01-10T00:00:00", "installmentValue": "10.99"}, {"installmentId": "cec300131fead3ce3454af34e0659d90", "dueDate": "2021-11-10T00:00:00", "installmentValue": "10.99"}, {"installmentId": "55b6a6a184e6094da20051f2c5ff7001", "dueDate": "2022-02-10T00:00:00", "installmentValue": "10.99"}, {"installmentId": "c76e386c34e5f3c06ae190a360a1db2c", "dueDate": "2021-10-10T00:00:00", "installmentValue": "10.99"}]}