{"originationId": "7aabce1130ea42328239e5a758c30d5e", "clientId": "2b647f3550ce4a65da70b814d56b639a", "registerDate": "2021-05-25T00:00:00", "installments": [{"installmentId": "e7ca2e511aba1c5dc14a71ee6b2ab53e", "dueDate": "2021-12-10T00:00:00", "installmentValue": "109.90"}, {"installmentId": "a9fe1e7481fc49052808d81a261fa8d3", "dueDate": "2022-09-10T00:00:00", "installmentValue": "109.90"}, {"installmentId": "2f6bc02509e6e85c29800585d6b4d138", "dueDate": "2022-01-10T00:00:00", "installmentValue": "109.90"}, {"installmentId": "8f9ef3e122e153ea533ce6429ea878b1", "dueDate": "2022-07-10T00:00:00", "installmentValue": "109.90"}, {"installmentId": "35c895b1b5ccfeccc321a8dcd4fb89f0", "dueDate": "2022-05-10T00:00:00", "installmentValue": "109.90"}, {"installmentId": "9c336e815c371bcf556b08a737a4e644", "dueDate": "2021-09-10T00:00:00", "installmentValue": "109.90"}, {"installmentId": "c5a79698d2b1475de6c5d458ec5b185f", "dueDate": "2021-11-10T00:00:00", "installmentValue": "109.90"}, {"installmentId": "849499462a06983f372a5e42292c3d5f", "dueDate": "2022-08-10T00:00:00", "installmentValue": "109.90"}, {"installmentId": "7971fb46e3c4351b9f2a176462d9074f", "dueDate": "2022-03-10T00:00:00", "installmentValue": "109.90"}, {"installmentId": "f5a74cf2b309614b627d76909dd79e1b", "dueDate": "2021-08-10T00:00:00", "installmentValue": "109.90"}, {"installmentId": "b9ddc7e82322bbf31c51c46c4f478c07", "dueDate": "2022-02-10T00:00:00", "installmentValue": "109.90"}, {"installmentId": "8eccec9bf7c834d5d00333c2cb2520c0", "dueDate": "2021-07-10T00:00:00", "installmentValue": "109.90"}, {"installmentId": "94dc4b48f6348fa97378807810fc6034", "dueDate": "2022-04-10T00:00:00", "installmentValue": "109.90"}, {"installmentId": "e99dcf041ca6ad97deeb2c28fa3ee635", "dueDate": "2022-06-10T00:00:00", "installmentValue": "109.90"}, {"installmentId": "44cab09c3b3ce4337bfcf79142c69e14", "dueDate": "2021-10-10T00:00:00", "installmentValue": "109.90"}]}