{"originationId": "7ae70a1511be38a091d3f8eab36d0b4a", "clientId": "950c7f3369056b9137580a7e6f43f051", "registerDate": "2021-03-31T00:00:00", "installments": [{"installmentId": "0275e5dd2b962c9db6b8a4e22d7da287", "dueDate": "2021-06-10T00:00:00", "installmentValue": "41.30"}, {"installmentId": "7d2f06d8d77bbc79a09d20bbd2deae09", "dueDate": "2021-07-10T00:00:00", "installmentValue": "41.31"}, {"installmentId": "4f615395e01fb942e33274f69246b439", "dueDate": "2021-05-10T00:00:00", "installmentValue": "41.30"}]}