{"originationId": "7b5eb7fa99727e1651d70cd572e1f6a7", "clientId": "33b2036ff5089dc8bcf029e720b03689", "registerDate": "2021-06-30T00:00:00", "installments": [{"installmentId": "4d28614de4214e804061b6c4905257bb", "dueDate": "2021-12-05T00:00:00", "installmentValue": "50.12"}, {"installmentId": "ddaa851a8bd1834ef73fc0efa46d7423", "dueDate": "2022-01-05T00:00:00", "installmentValue": "50.12"}, {"installmentId": "d53893cb9e9d662710548bc423289f87", "dueDate": "2021-10-05T00:00:00", "installmentValue": "50.12"}, {"installmentId": "97a23fb61d701469a1104c55ee4e5ec3", "dueDate": "2021-08-05T00:00:00", "installmentValue": "50.12"}, {"installmentId": "7638dd63507a8173598203b5422344d2", "dueDate": "2021-11-05T00:00:00", "installmentValue": "50.12"}, {"installmentId": "9441ebfe27dd13b784d0d872f176468a", "dueDate": "2022-02-05T00:00:00", "installmentValue": "50.12"}, {"installmentId": "0eb63919737a0defa32f4af8f462b59c", "dueDate": "2022-03-05T00:00:00", "installmentValue": "50.12"}, {"installmentId": "067a49b1d74b7e153ecde3e03e96d36c", "dueDate": "2022-05-05T00:00:00", "installmentValue": "50.16"}, {"installmentId": "5024bf12873d8a781435c37003d20dc2", "dueDate": "2021-09-05T00:00:00", "installmentValue": "50.12"}, {"installmentId": "0b91ac85ac6999b2c3339fa2859ef3cb", "dueDate": "2022-04-05T00:00:00", "installmentValue": "50.12"}]}