{"originationId": "7de37d7b626614ea6bcadbd2b869b023", "clientId": "c42bf3ddff2e38df272939aafff87547", "registerDate": "2021-06-27T00:00:00", "installments": [{"installmentId": "f9cd43b75914beab55b1862bef44c1e2", "dueDate": "2022-01-10T00:00:00", "installmentValue": "52.66"}, {"installmentId": "5205001e4a66a65655c91b39ba6df120", "dueDate": "2021-11-10T00:00:00", "installmentValue": "52.64"}, {"installmentId": "fef1e3a018901daba440cb58f24215cc", "dueDate": "2021-08-10T00:00:00", "installmentValue": "52.64"}, {"installmentId": "d7d8334340c54912e758805f22e70da2", "dueDate": "2021-10-10T00:00:00", "installmentValue": "52.64"}, {"installmentId": "38ca606efdd3f5b07e41a8dd16a058f7", "dueDate": "2021-12-10T00:00:00", "installmentValue": "52.64"}, {"installmentId": "c3072a8e02799078f9eae4ae34f3bd9f", "dueDate": "2021-09-10T00:00:00", "installmentValue": "52.64"}]}