{"originationId": "7ea422f81443e303fffd73e7465fa960", "clientId": "505cb56905202e98fa26a77c3aebdf13", "registerDate": "2021-06-25T00:00:00", "installments": [{"installmentId": "256d40ed6da6b68872d8c42863e52822", "dueDate": "2021-09-25T00:00:00", "installmentValue": "71.97"}, {"installmentId": "cbd5f53b1efe504b6049bf1cd432fa4c", "dueDate": "2021-10-25T00:00:00", "installmentValue": "71.97"}, {"installmentId": "531fc84bd49cea6dccc34c426cf07638", "dueDate": "2021-11-25T00:00:00", "installmentValue": "71.97"}, {"installmentId": "d3e840fa4505ff6fb1f756f34b4d9f15", "dueDate": "2021-08-25T00:00:00", "installmentValue": "71.97"}, {"installmentId": "797160f420717143c188d7504bef3ef8", "dueDate": "2021-12-25T00:00:00", "installmentValue": "71.99"}]}