{"originationId": "7f47afdf9702f9e08821fd70290efaea", "clientId": "b28aa2e0d77a976d80fcb7063297f6dc", "registerDate": "2021-06-20T00:00:00", "installments": [{"installmentId": "ef9edecd96be35a326cfebbe1db66722", "dueDate": "2021-11-25T00:00:00", "installmentValue": "68.31"}, {"installmentId": "04b3be6284d427d39c75a7567c00cfd8", "dueDate": "2021-07-25T00:00:00", "installmentValue": "68.31"}, {"installmentId": "3d13647065ef0d97f097a0854b86f3f5", "dueDate": "2021-12-25T00:00:00", "installmentValue": "68.31"}, {"installmentId": "78ab30d196ecf0cbf08e3fd945877682", "dueDate": "2021-09-25T00:00:00", "installmentValue": "68.31"}, {"installmentId": "94c75b6f426699ee828c16b46196fcd6", "dueDate": "2021-10-25T00:00:00", "installmentValue": "68.31"}, {"installmentId": "9ba10e0fcd466c940b650df8cc445556", "dueDate": "2021-08-25T00:00:00", "installmentValue": "68.31"}]}