{"originationId": "808807f1c6d569991c1327098e1ca907", "clientId": "707ffec7c6185f4dcef822a5939cdabf", "registerDate": "2021-06-22T00:00:00", "installments": [{"installmentId": "3ed6d9ee5fcdd6ef53d1ee84e7048cff", "dueDate": "2021-11-28T00:00:00", "installmentValue": "68.99"}, {"installmentId": "5983befc39b13595d96dfb5046305ac1", "dueDate": "2021-12-28T00:00:00", "installmentValue": "68.99"}, {"installmentId": "d3ac0a063adcc96852f1848fbe22341d", "dueDate": "2022-01-28T00:00:00", "installmentValue": "68.99"}, {"installmentId": "57544c5a9142199ec03ecebc5d706fda", "dueDate": "2021-08-28T00:00:00", "installmentValue": "68.99"}, {"installmentId": "d476e6a3ff3aa6027f77420df7446c14", "dueDate": "2022-04-28T00:00:00", "installmentValue": "68.99"}, {"installmentId": "d63e3550c5d7af7b316ce8155c583dd5", "dueDate": "2022-02-28T00:00:00", "installmentValue": "68.99"}, {"installmentId": "abb49b7ba274b77badf637fb8eb30acc", "dueDate": "2022-05-28T00:00:00", "installmentValue": "68.96"}, {"installmentId": "73e6be57348ea34f5831c3b77d51024f", "dueDate": "2021-10-28T00:00:00", "installmentValue": "68.99"}, {"installmentId": "3ed099124cb1c59d810433777923dc99", "dueDate": "2021-09-28T00:00:00", "installmentValue": "68.99"}, {"installmentId": "b7027517da4b17ddfb5618a559c73318", "dueDate": "2022-03-28T00:00:00", "installmentValue": "68.99"}]}