{"originationId": "838308c0b352c7a17deab71fa5cd4391", "clientId": "325b151853ff0d5da763597a07ec64ee", "registerDate": "2021-03-31T00:00:00", "installments": [{"installmentId": "b0a385721c235fe95b3ea513a4d655c3", "dueDate": "2021-06-15T00:00:00", "installmentValue": "69.38"}, {"installmentId": "0db9661b3d3bb2716eac502c9edc9c94", "dueDate": "2021-05-15T00:00:00", "installmentValue": "69.38"}, {"installmentId": "56f6f8f7798746a34a7f9ce07d509b6b", "dueDate": "2021-09-15T00:00:00", "installmentValue": "69.36"}, {"installmentId": "030f843b1dc2d0063847064fb88030c8", "dueDate": "2021-07-15T00:00:00", "installmentValue": "69.38"}, {"installmentId": "198f3b5793cf13d8e3dd825812d9601e", "dueDate": "2021-08-15T00:00:00", "installmentValue": "69.38"}]}