{"originationId": "85221b2aad85fbfe15091c83add4119d", "clientId": "21319a46363cf4a85c2b070e720cd7ad", "registerDate": "2021-03-10T00:00:00", "installments": [{"installmentId": "155a01756c657119fa2e9477a8fd10fc", "dueDate": "2021-12-15T00:00:00", "installmentValue": "304.19"}, {"installmentId": "289dbc4378515a60db5365852bb40609", "dueDate": "2022-01-15T00:00:00", "installmentValue": "304.17"}, {"installmentId": "d95752685532aae2593b54546ef36e1c", "dueDate": "2021-04-15T00:00:00", "installmentValue": "304.19"}, {"installmentId": "af3b4dc7dcf44cc60d9d2c2b8259e914", "dueDate": "2021-08-15T00:00:00", "installmentValue": "304.19"}, {"installmentId": "353271fc83aaffff363af93d7340b80f", "dueDate": "2021-10-15T00:00:00", "installmentValue": "304.19"}, {"installmentId": "e6b3be049541130bff44aedd6b3ab044", "dueDate": "2021-05-15T00:00:00", "installmentValue": "304.19"}, {"installmentId": "3f211d9d0fb7e723fdf34776f5418742", "dueDate": "2021-07-15T00:00:00", "installmentValue": "304.19"}, {"installmentId": "7b71af06e93df2c3ecca95b5db700133", "dueDate": "2021-09-15T00:00:00", "installmentValue": "304.19"}, {"installmentId": "103247c4bd0fbd93ac27f5a0543eefb1", "dueDate": "2021-11-15T00:00:00", "installmentValue": "304.19"}, {"installmentId": "340a9fcf7c8097ebd29a02c820bad671", "dueDate": "2021-06-15T00:00:00", "installmentValue": "304.19"}]}