{"originationId": "86a76f99291d8d8ddbf6479dcd2260f0", "clientId": "53d430e305696e5408f3bbe05acda641", "registerDate": "2021-05-15T00:00:00", "installments": [{"installmentId": "9b15fcd1b8e072ea9a84d1983ca4d3d4", "dueDate": "2021-06-10T00:00:00", "installmentValue": "17.99"}, {"installmentId": "c714a11fd7bcd27d1934a5f081e84516", "dueDate": "2021-09-10T00:00:00", "installmentValue": "17.99"}, {"installmentId": "c0ed3fdc48760208057061b8c924ccc9", "dueDate": "2021-07-10T00:00:00", "installmentValue": "17.99"}, {"installmentId": "88e8888171e651aaa6bcd2ba38b1c207", "dueDate": "2021-08-10T00:00:00", "installmentValue": "17.99"}, {"installmentId": "ea64f6f6e3d3f65e57974eb186c386e5", "dueDate": "2021-10-10T00:00:00", "installmentValue": "17.99"}]}