{"originationId": "87ab1844c301ce464b7482f3ae79e1e3", "clientId": "f410e6028c31d7a21027819529494d32", "registerDate": "2021-02-11T00:00:00", "installments": [{"installmentId": "c1625b9fb3a0baa11b510e03a25f6a5c", "dueDate": "2021-12-13T00:00:00", "installmentValue": "56.82"}, {"installmentId": "18922bd007b7aa1ac035641ebf1cd2e7", "dueDate": "2021-08-13T00:00:00", "installmentValue": "56.82"}, {"installmentId": "c834c9b00d1474c78498ecc535afea93", "dueDate": "2021-11-13T00:00:00", "installmentValue": "56.82"}, {"installmentId": "024d889cbfc3fd32fdd2c451106a2f23", "dueDate": "2021-06-13T00:00:00", "installmentValue": "56.82"}, {"installmentId": "8cfd76ff0df908464c454898d68c51d4", "dueDate": "2021-05-13T00:00:00", "installmentValue": "56.82"}, {"installmentId": "69b330720ee34345cd39ae8e37ede282", "dueDate": "2021-03-13T00:00:00", "installmentValue": "56.82"}, {"installmentId": "d7ec3f7edb7ae7fee8a3b0d77d31450d", "dueDate": "2021-07-13T00:00:00", "installmentValue": "56.82"}, {"installmentId": "f8150f99b7cba5b6bf98c886e067fe30", "dueDate": "2021-04-13T00:00:00", "installmentValue": "56.82"}, {"installmentId": "e9379a451d9643c29bafd6e1f20fc35a", "dueDate": "2021-09-13T00:00:00", "installmentValue": "56.82"}, {"installmentId": "913bf0cf9b82f1ba99acb3f6bbf4770a", "dueDate": "2021-10-13T00:00:00", "installmentValue": "56.82"}]}