{"originationId": "87bc75854cfd3d840a5a4259c9f2ecba", "clientId": "f42b64a0ab0e6d26f8dc1da80073388f", "registerDate": "2021-02-22T00:00:00", "installments": [{"installmentId": "391d96f30df4f957b2c15167eee940a5", "dueDate": "2022-01-05T00:00:00", "installmentValue": "301.17"}, {"installmentId": "2aa197bf663fc7a8f7cb10446b8de6c2", "dueDate": "2021-05-05T00:00:00", "installmentValue": "301.21"}, {"installmentId": "76bb147cc4e820f246a413fd5c7b62a8", "dueDate": "2021-12-05T00:00:00", "installmentValue": "301.21"}, {"installmentId": "44ba533508519e581a5bc2faeeded651", "dueDate": "2021-08-05T00:00:00", "installmentValue": "301.21"}, {"installmentId": "062c6283637f63e59593108eda4798a9", "dueDate": "2021-09-05T00:00:00", "installmentValue": "301.21"}, {"installmentId": "6cf4ac393a5c0b7bff790679b54e2213", "dueDate": "2021-10-05T00:00:00", "installmentValue": "301.21"}, {"installmentId": "c65bcf8da72e133fc44f66b78a75cf48", "dueDate": "2021-06-05T00:00:00", "installmentValue": "301.21"}, {"installmentId": "064670940418617d810250d2710a31f3", "dueDate": "2021-07-05T00:00:00", "installmentValue": "301.21"}, {"installmentId": "4e076c0cf230788ccf86a390fea01d59", "dueDate": "2021-11-05T00:00:00", "installmentValue": "301.21"}, {"installmentId": "6c0b7a8cbb4dcb20eaab471f16442644", "dueDate": "2021-04-05T00:00:00", "installmentValue": "301.21"}]}