{"originationId": "8b084d505487698d947ade2684d4e21a", "clientId": "d5cc77d7a50d08b31428881fde1cb2ef", "registerDate": "2021-02-20T00:00:00", "installments": [{"installmentId": "26e69fe13ae5adc1e16ba8868982483e", "dueDate": "2021-05-10T00:00:00", "installmentValue": "32.98"}, {"installmentId": "43a3ac735f9a7c7df066a1170235587d", "dueDate": "2021-07-10T00:00:00", "installmentValue": "32.98"}, {"installmentId": "ac453949b74648ac4681cf598ac2c460", "dueDate": "2021-04-10T00:00:00", "installmentValue": "32.98"}, {"installmentId": "a1ef25022ceb08e5f8955707ee89a42c", "dueDate": "2021-06-10T00:00:00", "installmentValue": "32.98"}, {"installmentId": "f9c509781996b17b42adc136204b3af0", "dueDate": "2021-08-10T00:00:00", "installmentValue": "32.97"}]}