{"originationId": "8bde7b1c70356548a79ab5299c2cb197", "clientId": "1bc9aa190d13423db9eadaa8f38ef422", "registerDate": "2021-03-29T00:00:00", "installments": [{"installmentId": "853f92207e66f54b868536ac866c3689", "dueDate": "2021-07-10T00:00:00", "installmentValue": "33.30"}, {"installmentId": "2d18c40982348bc3d713d80b92ae498b", "dueDate": "2021-06-10T00:00:00", "installmentValue": "33.31"}, {"installmentId": "e28c4b42424c6f9576553142d7338a50", "dueDate": "2021-05-10T00:00:00", "installmentValue": "33.31"}]}