{"originationId": "8cac9e7b7f15620846e8dd2ca4119d1f", "clientId": "dc54d36eebca6e19134e4af4dc89213d", "registerDate": "2021-01-11T00:00:00", "installments": [{"installmentId": "10e2e1141720931e8ee979f03f96b92c", "dueDate": "2021-02-10T00:00:00", "installmentValue": "93.66"}, {"installmentId": "30a9508e6d90a57f5eeddb3dbcfb4bca", "dueDate": "2021-06-10T00:00:00", "installmentValue": "93.68"}, {"installmentId": "32161b240b16c960a1eba69470ae85bf", "dueDate": "2021-03-10T00:00:00", "installmentValue": "93.66"}, {"installmentId": "667f40eac1f003a1355480ee629441ee", "dueDate": "2021-04-10T00:00:00", "installmentValue": "93.66"}, {"installmentId": "53b2f83b904c9ad0d73ea09d0e6613e6", "dueDate": "2021-05-10T00:00:00", "installmentValue": "93.66"}]}