{"originationId": "8da8cfd883b8fd00457175413f795183", "clientId": "ba0ba93988b228cb8bfb0e495d1d4b9c", "registerDate": "2021-04-09T00:00:00", "installments": [{"installmentId": "abbab9b07cff65c5e84f3285ea55a736", "dueDate": "2021-12-15T00:00:00", "installmentValue": "19.99"}, {"installmentId": "8497522915990b9185ef1ec9b4515c28", "dueDate": "2021-05-15T00:00:00", "installmentValue": "19.99"}, {"installmentId": "d41d0b6da9403062f9568e6c45f024d3", "dueDate": "2021-06-15T00:00:00", "installmentValue": "19.99"}, {"installmentId": "7f34dce53a00daa3b7247a2500c36b69", "dueDate": "2021-10-15T00:00:00", "installmentValue": "19.99"}, {"installmentId": "02ebb2593e284a4e9098370a7b3b2edf", "dueDate": "2021-09-15T00:00:00", "installmentValue": "19.99"}, {"installmentId": "2bdc9af55a19730bd1cdcb225ca39242", "dueDate": "2021-11-15T00:00:00", "installmentValue": "19.99"}, {"installmentId": "0048c7c52570fcab438a68799d5f97b2", "dueDate": "2021-08-15T00:00:00", "installmentValue": "19.99"}, {"installmentId": "c7eb188900db14f0b183fb7a17d1c816", "dueDate": "2022-01-15T00:00:00", "installmentValue": "19.99"}, {"installmentId": "aba0ccf77bab15117d50876fda25f36e", "dueDate": "2022-02-15T00:00:00", "installmentValue": "19.99"}, {"installmentId": "a7006128476dcb2ce61c0b2ba245a0cc", "dueDate": "2021-07-15T00:00:00", "installmentValue": "19.99"}]}