{"originationId": "9361f1f19ec9419c9a0f024ca914eb24", "clientId": "ad826da9c44440770a69bb29dc5b476c", "registerDate": "2021-05-29T00:00:00", "installments": [{"installmentId": "b7d2c7bd534a7f7f0413b12ee9bbe438", "dueDate": "2021-10-10T00:00:00", "installmentValue": "79.98"}, {"installmentId": "2b36ecf594bab2bd7236dd2c13cccfca", "dueDate": "2021-09-10T00:00:00", "installmentValue": "79.98"}, {"installmentId": "56196742804822ff3f5742da320b0a46", "dueDate": "2021-08-10T00:00:00", "installmentValue": "79.98"}, {"installmentId": "716f27216801430784312f0a96fca427", "dueDate": "2021-11-10T00:00:00", "installmentValue": "79.98"}, {"installmentId": "0593e73ce004e19ec3972e7396196579", "dueDate": "2021-07-10T00:00:00", "installmentValue": "79.98"}]}