{"originationId": "9391c08f77f2bc0516d3f8f85f99318d", "clientId": "e4f8f6a8d75d55aae67485a4f8ccc9c6", "registerDate": "2021-01-30T00:00:00", "installments": [{"installmentId": "e4ae93976bab512e2342793d2dfdfe84", "dueDate": "2021-07-20T00:00:00", "installmentValue": "58.85"}, {"installmentId": "f95f0db54f31eb38ba8bc25cbf435f08", "dueDate": "2021-06-20T00:00:00", "installmentValue": "58.86"}, {"installmentId": "25e4d5d777f8df1d8668a7c0aec271f0", "dueDate": "2021-04-20T00:00:00", "installmentValue": "58.86"}, {"installmentId": "4177ba0a7e4586eca67504207f14b6cd", "dueDate": "2021-03-20T00:00:00", "installmentValue": "58.86"}, {"installmentId": "68d1cf2c5c3cbac5d5d04f9b1c97184a", "dueDate": "2021-05-20T00:00:00", "installmentValue": "58.86"}]}