{"originationId": "94620bced12daf16c28c0a21295d46d4", "clientId": "5124dd44dd48b0f92da126790b7597f4", "registerDate": "2021-03-12T00:00:00", "installments": [{"installmentId": "f219738e291015ab51d77f05c419b8a2", "dueDate": "2021-06-10T00:00:00", "installmentValue": "58.40"}, {"installmentId": "f02411dd33fbc909bb91c994f9c38767", "dueDate": "2021-08-10T00:00:00", "installmentValue": "58.41"}, {"installmentId": "be78279ec995f772f385e5d1fb3a7a6e", "dueDate": "2021-05-10T00:00:00", "installmentValue": "58.40"}, {"installmentId": "11351bceb8a34d94c6e142b1e54ae4e0", "dueDate": "2021-04-10T00:00:00", "installmentValue": "58.40"}, {"installmentId": "402bca227dcd55755baacc8bc9529636", "dueDate": "2021-07-10T00:00:00", "installmentValue": "58.40"}]}