{"originationId": "94f6f73388e873fd7d694273d22f3af9", "clientId": "32280121c536d3d389f0438a5244cdca", "registerDate": "2021-04-19T00:00:00", "installments": [{"installmentId": "2aadbb5dfe321635c0bc4273f5137462", "dueDate": "2021-12-15T00:00:00", "installmentValue": "50.49"}, {"installmentId": "038a1750a5d4acbc0b54dbc730eab2d7", "dueDate": "2022-03-15T00:00:00", "installmentValue": "50.51"}, {"installmentId": "5011fd8b84b62e2a5b6e4793fec62139", "dueDate": "2021-09-15T00:00:00", "installmentValue": "129.26"}, {"installmentId": "cc33b624cbdb5fd3163a07bc5a515216", "dueDate": "2021-11-15T00:00:00", "installmentValue": "50.49"}, {"installmentId": "c9ac7e1019230d940dd399adfc550e43", "dueDate": "2021-08-15T00:00:00", "installmentValue": "129.26"}, {"installmentId": "c597b425cf18aa71fb281c369ac21705", "dueDate": "2021-07-15T00:00:00", "installmentValue": "129.26"}, {"installmentId": "0d14062fc7d61157e850498b7bc34b77", "dueDate": "2021-10-15T00:00:00", "installmentValue": "129.26"}, {"installmentId": "a416d08387165919e96134f09461b224", "dueDate": "2022-02-15T00:00:00", "installmentValue": "50.49"}, {"installmentId": "4ef5b3eea878ddb8f55c088fcc0b01e4", "dueDate": "2021-06-15T00:00:00", "installmentValue": "129.26"}, {"installmentId": "3d9cfd00f185e2c2c4f01480b3ea8a60", "dueDate": "2022-01-15T00:00:00", "installmentValue": "50.49"}]}