{"originationId": "955f2c02737f932805831c886682b1e0", "clientId": "3fcc43605a621c2f1eaf923292bb0363", "registerDate": "2021-06-30T00:00:00", "installments": [{"installmentId": "805a75ec08c9973c7a90b75e0233d125", "dueDate": "2022-03-10T00:00:00", "installmentValue": "159.99"}, {"installmentId": "1f8bf3bd60fafd6ed79a874bb8c0fde7", "dueDate": "2021-11-10T00:00:00", "installmentValue": "159.99"}, {"installmentId": "adca5c1ffa2ba1257529a360c4f2a76a", "dueDate": "2022-02-10T00:00:00", "installmentValue": "159.99"}, {"installmentId": "c4992adc5f80fd95874af87a3c2438ee", "dueDate": "2021-12-10T00:00:00", "installmentValue": "159.99"}, {"installmentId": "d645af622d440e58f8304ab4ef6dc1c7", "dueDate": "2021-09-10T00:00:00", "installmentValue": "159.99"}, {"installmentId": "a84760f2ebaba2907da3f6e25ee431e0", "dueDate": "2022-04-10T00:00:00", "installmentValue": "159.99"}, {"installmentId": "183be7095c96f996a1989c3a2628b6b7", "dueDate": "2022-01-10T00:00:00", "installmentValue": "159.99"}, {"installmentId": "50f10eea9a93614060f578fd1a59645b", "dueDate": "2021-10-10T00:00:00", "installmentValue": "159.99"}, {"installmentId": "8a819c5e8918596619f5aac7f573d469", "dueDate": "2021-08-10T00:00:00", "installmentValue": "159.99"}, {"installmentId": "f5a8ec066b50d80fe068efb4531eb1e7", "dueDate": "2022-05-10T00:00:00", "installmentValue": "159.99"}]}