{"originationId": "99be203d973ce3bd9b3356916ea9dbc2", "clientId": "c30fd82f98a7f2a7812aa2a956e09922", "registerDate": "2021-05-05T00:00:00", "installments": [{"installmentId": "9a893bf980e2468c471acfb4737b4979", "dueDate": "2021-11-05T00:00:00", "installmentValue": "38.56"}, {"installmentId": "03526f0b6b252c6dc3e9a4fde9085544", "dueDate": "2021-08-05T00:00:00", "installmentValue": "218.32"}, {"installmentId": "12feca5c0e37030581cca2f07cef55ed", "dueDate": "2021-12-05T00:00:00", "installmentValue": "38.53"}, {"installmentId": "ef4ef910c25ffb0c9944a3995db46e15", "dueDate": "2021-07-05T00:00:00", "installmentValue": "218.32"}, {"installmentId": "306ecb69406f18979583d503ebdefa18", "dueDate": "2021-10-05T00:00:00", "installmentValue": "218.32"}, {"installmentId": "904733dd0e17de4c71a2a71dcd6beb17", "dueDate": "2021-09-05T00:00:00", "installmentValue": "218.32"}, {"installmentId": "08cdeb40de793fe607d2d2ff3591a3ad", "dueDate": "2021-06-05T00:00:00", "installmentValue": "218.32"}]}