{"originationId": "9a167b1fc4ba7b9f264dc45039766936", "clientId": "ba0ba93988b228cb8bfb0e495d1d4b9c", "registerDate": "2021-03-09T00:00:00", "installments": [{"installmentId": "e37b35b32a3ccac2d95c581504895362", "dueDate": "2021-07-15T00:00:00", "installmentValue": "11.99"}, {"installmentId": "0f2a2de4c0029dc40911488dfee31a06", "dueDate": "2021-08-15T00:00:00", "installmentValue": "12.01"}, {"installmentId": "af2ccc7609176e904c45e1777b553d0e", "dueDate": "2021-04-15T00:00:00", "installmentValue": "11.99"}, {"installmentId": "9e9bea25dad64376e3ae71009f4ca336", "dueDate": "2021-06-15T00:00:00", "installmentValue": "11.99"}, {"installmentId": "638498e2ddc5503ecda55ca33f750d24", "dueDate": "2021-05-15T00:00:00", "installmentValue": "11.99"}]}