{"originationId": "9a26af2977679db2e607d29bc8fd2679", "clientId": "8ae8a0f6998135d30b4deaaa72be401f", "registerDate": "2021-02-15T00:00:00", "installments": [{"installmentId": "1012e80ae170a6e17a6eb3a0d68fc3ff", "dueDate": "2021-05-25T00:00:00", "installmentValue": "98.63"}, {"installmentId": "42b7be83f69b487ece120335824cd08f", "dueDate": "2021-04-25T00:00:00", "installmentValue": "98.63"}, {"installmentId": "be2169bd9e2314fc61ab0bf657dc110e", "dueDate": "2021-08-25T00:00:00", "installmentValue": "98.64"}, {"installmentId": "97a484a8250ed16737879b70b55396af", "dueDate": "2021-06-25T00:00:00", "installmentValue": "98.63"}, {"installmentId": "1d521d8b656badcb7fede392fdc11cdf", "dueDate": "2021-07-25T00:00:00", "installmentValue": "98.63"}]}