{"originationId": "9d4bf52e95323665f7ba10bbba0b1004", "clientId": "b3ed3b856056396eac59b1aab17aa23a", "registerDate": "2021-04-09T00:00:00", "installments": [{"installmentId": "0afff6a36697eae4828844d31776f430", "dueDate": "2021-05-15T00:00:00", "installmentValue": "24.99"}, {"installmentId": "559922da36c8cf7a7a6a805e52080814", "dueDate": "2021-07-15T00:00:00", "installmentValue": "24.99"}, {"installmentId": "f0f8587efbf1c5959267f5aa852c6ee5", "dueDate": "2021-08-15T00:00:00", "installmentValue": "25.00"}, {"installmentId": "f68f39ecdff69a1ef3fda0b3f8d58fc8", "dueDate": "2021-06-15T00:00:00", "installmentValue": "24.99"}]}