{"originationId": "9e099b4792239e7542e6dace5f4769c7", "clientId": "c42bf3ddff2e38df272939aafff87547", "registerDate": "2021-05-15T00:00:00", "installments": [{"installmentId": "9733d450a00daa5dcf2aef1bdc9484ec", "dueDate": "2021-09-10T00:00:00", "installmentValue": "31.99"}, {"installmentId": "2a7fc90dd1d7e41f07eb851e112fd3a0", "dueDate": "2021-08-10T00:00:00", "installmentValue": "31.99"}, {"installmentId": "e61efbb353730d66d2cc4d183f3bc5ed", "dueDate": "2021-06-10T00:00:00", "installmentValue": "31.99"}, {"installmentId": "bd55220738e63a4b32af666d0d7dbb9a", "dueDate": "2021-10-10T00:00:00", "installmentValue": "32.01"}, {"installmentId": "3ac0f121babfddf24ea30a2d2165c88c", "dueDate": "2021-07-10T00:00:00", "installmentValue": "31.99"}]}