{"originationId": "9fccb78abb410c8e455745583b1f095a", "clientId": "6d72beb6ac4d01d9df8d7c35a31f470e", "registerDate": "2021-04-25T00:00:00", "installments": [{"installmentId": "b4723e04a22ec3005c6bb0e07023e2b3", "dueDate": "2021-10-15T00:00:00", "installmentValue": "15.98"}, {"installmentId": "16235d6f43775ea061619cbc6959f7db", "dueDate": "2021-07-15T00:00:00", "installmentValue": "16.00"}, {"installmentId": "28f92ee5c1b0583d2f7a10120ecf2c00", "dueDate": "2021-09-15T00:00:00", "installmentValue": "16.00"}, {"installmentId": "0aff0aa424e600ab5ba834b92c3a7614", "dueDate": "2021-06-15T00:00:00", "installmentValue": "16.00"}, {"installmentId": "26931037a1035cb9a740404061fa5f1b", "dueDate": "2021-08-15T00:00:00", "installmentValue": "16.00"}]}