{"originationId": "a4c3a23311b93dfa5a6d25a21e69603f", "clientId": "228ae8b5f2d11c246c12143c82356319", "registerDate": "2021-03-06T00:00:00", "installments": [{"installmentId": "5c9d9894c985884a906bf15e262d09fc", "dueDate": "2022-01-15T00:00:00", "installmentValue": "180.19"}, {"installmentId": "54514e9a7d9d02e4b25a240c9567d003", "dueDate": "2021-04-15T00:00:00", "installmentValue": "180.21"}, {"installmentId": "c1ff8f11dfeea1fa181cbf435519c976", "dueDate": "2021-10-15T00:00:00", "installmentValue": "180.21"}, {"installmentId": "5878149364107e2f0216a5b5ebf93934", "dueDate": "2021-06-15T00:00:00", "installmentValue": "180.21"}, {"installmentId": "4afc32ea0ca5d2b5abd3783c85514cba", "dueDate": "2021-08-15T00:00:00", "installmentValue": "180.21"}, {"installmentId": "efab2d0f71d17669d2655b6b130be775", "dueDate": "2021-12-15T00:00:00", "installmentValue": "180.21"}, {"installmentId": "034e97cac273c0622622a93893a61045", "dueDate": "2021-09-15T00:00:00", "installmentValue": "180.21"}, {"installmentId": "f14629d78bda60abe0321f763740a600", "dueDate": "2021-11-15T00:00:00", "installmentValue": "180.21"}, {"installmentId": "5ea3edf9dcac38324ca002e5ca160d8f", "dueDate": "2021-07-15T00:00:00", "installmentValue": "180.21"}, {"installmentId": "124719f41a0325c621dc62b33a6b6d0e", "dueDate": "2021-05-15T00:00:00", "installmentValue": "180.21"}]}