{"originationId": "a58a58200e060b68391ea0b7647ab0e6", "clientId": "33b2036ff5089dc8bcf029e720b03689", "registerDate": "2021-05-27T00:00:00", "installments": [{"installmentId": "745f9c97df22d5e6d8818e16d59ccea3", "dueDate": "2021-10-05T00:00:00", "installmentValue": "55.20"}, {"installmentId": "20ad3a807efbd735fadec9d7cc31715c", "dueDate": "2021-11-05T00:00:00", "installmentValue": "55.18"}, {"installmentId": "b20f5dc36a7df6dfe8a42e8ef7ab29c8", "dueDate": "2021-07-05T00:00:00", "installmentValue": "55.20"}, {"installmentId": "d02b68f0d2d6619b5bbf167d48dfcc0c", "dueDate": "2021-08-05T00:00:00", "installmentValue": "55.20"}, {"installmentId": "a60a0082d1e16348ec97d12603785f05", "dueDate": "2021-09-05T00:00:00", "installmentValue": "55.20"}]}