{"originationId": "a63e9cb941320a9827a356ff45d2543c", "clientId": "b21ada0335daffa254475fecb4efe6ba", "registerDate": "2021-04-15T00:00:00", "installments": [{"installmentId": "1b1bd980d753be280e1acad391f94985", "dueDate": "2021-09-15T00:00:00", "installmentValue": "73.17"}, {"installmentId": "3be241e6ca761be3a615862d4aa85368", "dueDate": "2022-02-15T00:00:00", "installmentValue": "13.98"}, {"installmentId": "6ad3c74ea58228f2958ee7a19fd0d836", "dueDate": "2021-06-15T00:00:00", "installmentValue": "73.17"}, {"installmentId": "ea865cba9221dfb7466b11c3024ed04a", "dueDate": "2021-05-15T00:00:00", "installmentValue": "73.17"}, {"installmentId": "047d1476795bb3a39b3852af38fecf8b", "dueDate": "2021-12-15T00:00:00", "installmentValue": "13.99"}, {"installmentId": "e38bfa9b2b5f96402bf8cfc976cff320", "dueDate": "2021-11-15T00:00:00", "installmentValue": "13.99"}, {"installmentId": "fec03beeff3f705957014694dfc39c22", "dueDate": "2021-07-15T00:00:00", "installmentValue": "73.17"}, {"installmentId": "c48bc3ba69d80c9d28c35ec10e82feb8", "dueDate": "2021-08-15T00:00:00", "installmentValue": "73.17"}, {"installmentId": "b7cf0cd19e798e845e5f17ccf7e16a91", "dueDate": "2022-01-15T00:00:00", "installmentValue": "13.99"}, {"installmentId": "1432c27c2ecce48b3841088856ba48cd", "dueDate": "2021-10-15T00:00:00", "installmentValue": "13.99"}]}