{"originationId": "a8f6fab2add4f0220a560322db5649d3", "clientId": "57372a97ba059089bfc8556fdfb1be1b", "registerDate": "2021-05-08T00:00:00", "installments": [{"installmentId": "e7b2798334fa58a8880e8d3889bb44c7", "dueDate": "2021-12-10T00:00:00", "installmentValue": "69.99"}, {"installmentId": "f2da899ecddeb09437aacb90090e9b18", "dueDate": "2022-03-10T00:00:00", "installmentValue": "69.99"}, {"installmentId": "186ec7599bb2d2fb7dc1a0d57972e50a", "dueDate": "2022-01-10T00:00:00", "installmentValue": "69.99"}, {"installmentId": "c1902b6d7b0e02f6d22fdc2ddd31da71", "dueDate": "2022-02-10T00:00:00", "installmentValue": "69.99"}, {"installmentId": "e1031202f62ca12a650a17671ab6620c", "dueDate": "2021-06-10T00:00:00", "installmentValue": "69.99"}, {"installmentId": "e76e718ffc0fd0c2f9705acdb9bdeefa", "dueDate": "2021-11-10T00:00:00", "installmentValue": "69.99"}, {"installmentId": "d7e43c27dd313f37807eb6de8b9e9e7e", "dueDate": "2021-09-10T00:00:00", "installmentValue": "69.99"}, {"installmentId": "d9a020f9c954913c40400f21ef7ca8ac", "dueDate": "2021-07-10T00:00:00", "installmentValue": "69.99"}, {"installmentId": "01cbd935febc994a325f9c426ffd8492", "dueDate": "2021-10-10T00:00:00", "installmentValue": "69.99"}, {"installmentId": "a663bab45b43e9a745d7f4b1b1362c5f", "dueDate": "2021-08-10T00:00:00", "installmentValue": "69.99"}]}