{"originationId": "a9f0b9ea08dc35bb9ec74d33877764d9", "clientId": "b3ed3b856056396eac59b1aab17aa23a", "registerDate": "2021-01-03T00:00:00", "installments": [{"installmentId": "457875e9c232f00096b3f4b9262f3502", "dueDate": "2021-03-15T00:00:00", "installmentValue": "14"}, {"installmentId": "3ef0f5100faf8b1ee74870d874adbb78", "dueDate": "2021-04-15T00:00:00", "installmentValue": "14.00"}, {"installmentId": "da9921ff0d36fdc775ba30591f8c4fe6", "dueDate": "2021-05-15T00:00:00", "installmentValue": "13.99"}, {"installmentId": "5095183e5a6d508ab98c7c2db15e8626", "dueDate": "2021-01-15T00:00:00", "installmentValue": "14"}, {"installmentId": "240c7ba19dfbff8805087343b0d35860", "dueDate": "2021-02-15T00:00:00", "installmentValue": "14"}]}