{"originationId": "abb15aae378b44ff563d1123bf8c643c", "clientId": "8ae8a0f6998135d30b4deaaa72be401f", "registerDate": "2021-02-15T00:00:00", "installments": [{"installmentId": "04a30804f80a06bee4a9d6ba9f977c4d", "dueDate": "2021-08-25T00:00:00", "installmentValue": "5.99"}, {"installmentId": "fe7a36fa741a0ccd6760ea6681357872", "dueDate": "2021-04-25T00:00:00", "installmentValue": "6.00"}, {"installmentId": "6f60bc6e50e82b22c1b4d47f3d5cc79d", "dueDate": "2021-05-25T00:00:00", "installmentValue": "6.00"}, {"installmentId": "a7c1dfbc71e9cba7b271c02657647ea2", "dueDate": "2021-07-25T00:00:00", "installmentValue": "6.00"}, {"installmentId": "6e330bee35c4163a3569975f3acde30d", "dueDate": "2021-06-25T00:00:00", "installmentValue": "6.00"}]}