{"originationId": "ac02e82179c726a65dc07ccac29a1398", "clientId": "f0405de9477f9210a84bc53548b09a95", "registerDate": "2021-06-11T00:00:00", "installments": [{"installmentId": "65e8e495bf4cd2b253a283975dcf9896", "dueDate": "2021-09-15T00:00:00", "installmentValue": "58.49"}, {"installmentId": "9860cd0ca1f75262fa88f00d281dc064", "dueDate": "2022-02-15T00:00:00", "installmentValue": "58.49"}, {"installmentId": "7e152a308fb05008598e7e5f18282fd6", "dueDate": "2021-08-15T00:00:00", "installmentValue": "58.49"}, {"installmentId": "9fc400cdf83a7347340fb5d8491f1179", "dueDate": "2021-07-15T00:00:00", "installmentValue": "58.49"}, {"installmentId": "f7f97ee60931e7d5f56720ec8787720e", "dueDate": "2021-11-15T00:00:00", "installmentValue": "58.49"}, {"installmentId": "ef5b5a461bd8257bd88a78f32d0bd456", "dueDate": "2022-01-15T00:00:00", "installmentValue": "58.49"}, {"installmentId": "7ec6a580205d17bd0355662de07867e8", "dueDate": "2021-10-15T00:00:00", "installmentValue": "58.49"}, {"installmentId": "cdd4892a97ad1327c13dd1776c5b1266", "dueDate": "2021-12-15T00:00:00", "installmentValue": "58.49"}]}