{"originationId": "b04f2cecdc53c8ecd7329e916dd4518a", "clientId": "83a0d7416ed8f997f19f400b3fe456f3", "registerDate": "2021-06-10T00:00:00", "installments": [{"installmentId": "25f8873610f0ae8861bd07ec0e86f21a", "dueDate": "2022-03-10T00:00:00", "installmentValue": "85.69"}, {"installmentId": "0d7022da2be61ea65881190a46457e5f", "dueDate": "2022-04-10T00:00:00", "installmentValue": "85.67"}, {"installmentId": "fcfd3a3465bde65996663e45c401df59", "dueDate": "2021-07-10T00:00:00", "installmentValue": "85.69"}, {"installmentId": "a285a867f0e2bef18a117f5aa2ca7391", "dueDate": "2021-10-10T00:00:00", "installmentValue": "85.69"}, {"installmentId": "5aebd6c47edf11018e09ef4c9bef343e", "dueDate": "2022-02-10T00:00:00", "installmentValue": "85.69"}, {"installmentId": "878ccf17c89e39703a9ab0cb1896cbdc", "dueDate": "2021-08-10T00:00:00", "installmentValue": "85.69"}, {"installmentId": "5d140adeb7fbc6dd0be9709b8e6ac27b", "dueDate": "2021-11-10T00:00:00", "installmentValue": "85.69"}, {"installmentId": "bb7590ead28e46ca83cf1f5f22602160", "dueDate": "2021-12-10T00:00:00", "installmentValue": "85.69"}, {"installmentId": "8f344d3b1ccb37447f329c36bdc8f1d9", "dueDate": "2022-01-10T00:00:00", "installmentValue": "85.69"}, {"installmentId": "00582f5713e5a114a86c8a80fe0f0c16", "dueDate": "2021-09-10T00:00:00", "installmentValue": "85.69"}]}