{"originationId": "b064e54090c1b45cb89959536d90bce4", "clientId": "b3ed3b856056396eac59b1aab17aa23a", "registerDate": "2021-04-15T00:00:00", "installments": [{"installmentId": "f625cfa50a58c82e0a98d59cd94ccfe9", "dueDate": "2021-08-15T00:00:00", "installmentValue": "79.99"}, {"installmentId": "3adf0c549eff048530c6fddb876b92be", "dueDate": "2021-07-15T00:00:00", "installmentValue": "79.99"}, {"installmentId": "0691180338bf08347b83bc87d31bdd7e", "dueDate": "2021-05-15T00:00:00", "installmentValue": "79.99"}, {"installmentId": "3dd35feff3c71980afc7112a2bb77d31", "dueDate": "2021-06-15T00:00:00", "installmentValue": "79.99"}, {"installmentId": "8e9f256a46df00fb30d1caa078dad6d4", "dueDate": "2021-09-15T00:00:00", "installmentValue": "79.99"}]}