{"originationId": "b2af0f63c4e0febaa7a9f178a20bfd71", "clientId": "707ffec7c6185f4dcef822a5939cdabf", "registerDate": "2021-01-30T00:00:00", "installments": [{"installmentId": "79d02556c24e1f3d41edcb11daf6b2d7", "dueDate": "2021-11-28T00:00:00", "installmentValue": "18.99"}, {"installmentId": "1dcf9f8566db9848b647503174002c48", "dueDate": "2021-08-28T00:00:00", "installmentValue": "18.99"}, {"installmentId": "8456a1d6202f56ea957a204a92023fee", "dueDate": "2021-07-28T00:00:00", "installmentValue": "18.99"}, {"installmentId": "cb5cde62afc270f1f48293e9f9339434", "dueDate": "2021-09-28T00:00:00", "installmentValue": "18.99"}, {"installmentId": "d59ddfe3593eb8ca8fab45a309eaf297", "dueDate": "2021-06-28T00:00:00", "installmentValue": "18.99"}, {"installmentId": "cdc2bc3b7c7c637a132c56f3873fb884", "dueDate": "2021-05-28T00:00:00", "installmentValue": "18.99"}, {"installmentId": "fb78b27c24e03a917174e68083e30a76", "dueDate": "2021-04-28T00:00:00", "installmentValue": "18.99"}, {"installmentId": "62c1d4b4279f88e1f9b8444ff18aeeab", "dueDate": "2021-03-28T00:00:00", "installmentValue": "18.99"}, {"installmentId": "3e4fc97f43ca21eeac8d241cbcde9ba2", "dueDate": "2021-12-28T00:00:00", "installmentValue": "18.98"}, {"installmentId": "55188787ea9db5701c862335e84ce4b9", "dueDate": "2021-10-28T00:00:00", "installmentValue": "18.99"}]}