{"originationId": "b54f74e5f45479ff5878e89d60a47bd8", "clientId": "1f1a7e7c2a0633d4524c9fadd0ec0368", "registerDate": "2021-01-12T00:00:00", "installments": [{"installmentId": "50ebf0369c680e8e7473a49dbca47a52", "dueDate": "2021-06-15T00:00:00", "installmentValue": "7.98"}, {"installmentId": "a8a44672f2f2c3442cdcd3015af1c0c1", "dueDate": "2021-04-15T00:00:00", "installmentValue": "8.00"}, {"installmentId": "89e68066b92f42953a408af898730b50", "dueDate": "2021-03-15T00:00:00", "installmentValue": "8"}, {"installmentId": "cb471c67dcf03fa7a8114b0e388cafd3", "dueDate": "2021-05-15T00:00:00", "installmentValue": "8.00"}, {"installmentId": "9c187c87e264f5cecf7870d68e0ded0c", "dueDate": "2021-02-15T00:00:00", "installmentValue": "8"}]}