{"originationId": "b55255574af18ca98d278ae6cc7c3087", "clientId": "08548c85b6fa540115b6d02478fefd30", "registerDate": "2021-05-03T00:00:00", "installments": [{"installmentId": "895733857867d185a3f1874dba2c2ced", "dueDate": "2021-07-20T00:00:00", "installmentValue": "113.57"}, {"installmentId": "c0700fe2616b60b21369a637c201bf58", "dueDate": "2021-08-20T00:00:00", "installmentValue": "113.57"}, {"installmentId": "714bdc2e6b501ee724e55cc66dfbfcd3", "dueDate": "2021-09-20T00:00:00", "installmentValue": "113.56"}, {"installmentId": "7c5c7dd36704408080fa07f01fd231b9", "dueDate": "2021-06-20T00:00:00", "installmentValue": "113.57"}, {"installmentId": "478df3937dbe96c931dc8ec752498c67", "dueDate": "2021-05-20T00:00:00", "installmentValue": "113.57"}]}