{"originationId": "b899e1e90a8a5bd906a59ee46c2c9c23", "clientId": "8ae8a0f6998135d30b4deaaa72be401f", "registerDate": "2021-05-18T00:00:00", "installments": [{"installmentId": "6f64a19dd9a8713bc645fbd9802f486b", "dueDate": "2022-04-25T00:00:00", "installmentValue": "163.77"}, {"installmentId": "945d72fee5bb6a084f0dfd4b31a2afaa", "dueDate": "2021-09-25T00:00:00", "installmentValue": "163.79"}, {"installmentId": "37b1dcbdc7f47cf38eb45a3ab7845991", "dueDate": "2021-10-25T00:00:00", "installmentValue": "163.79"}, {"installmentId": "9130f2131c027a21d00e24ad187adede", "dueDate": "2022-01-25T00:00:00", "installmentValue": "163.79"}, {"installmentId": "7c7a0a89e97a6be7145b129817703dd3", "dueDate": "2021-12-25T00:00:00", "installmentValue": "163.79"}, {"installmentId": "a02ab1a0ffbbf307c570aab1819191dd", "dueDate": "2021-07-25T00:00:00", "installmentValue": "163.79"}, {"installmentId": "eae99401af6b9301e234729310270caf", "dueDate": "2022-02-25T00:00:00", "installmentValue": "163.79"}, {"installmentId": "9e23b13c50e0d54cb2f100b1ab6ea0cb", "dueDate": "2022-03-25T00:00:00", "installmentValue": "163.79"}, {"installmentId": "968413f6354aa0ff363da40bd5131ff4", "dueDate": "2021-11-25T00:00:00", "installmentValue": "163.79"}, {"installmentId": "ab22566242effeca97382322673f2728", "dueDate": "2021-08-25T00:00:00", "installmentValue": "163.79"}]}