{"originationId": "b956a13330d612b14de0855e89d214a7", "clientId": "08548c85b6fa540115b6d02478fefd30", "registerDate": "2021-02-13T00:00:00", "installments": [{"installmentId": "723079ecdaf2604dfef1488bd98d8f72", "dueDate": "2021-10-20T00:00:00", "installmentValue": "181.98"}, {"installmentId": "547ef9462374e9615ea55f5dfc68a18e", "dueDate": "2021-12-20T00:00:00", "installmentValue": "181.98"}, {"installmentId": "5b2e98d859c1511e8b77583c6b7435c9", "dueDate": "2021-06-20T00:00:00", "installmentValue": "181.98"}, {"installmentId": "7e22210bf5db5b293eb505d7aa786bc7", "dueDate": "2021-04-20T00:00:00", "installmentValue": "181.98"}, {"installmentId": "6a65e8cd21d91e04aa5f692e97abbc58", "dueDate": "2021-07-20T00:00:00", "installmentValue": "181.98"}, {"installmentId": "f8da6483d97d54012f0de4e46de5cb98", "dueDate": "2021-05-20T00:00:00", "installmentValue": "181.98"}, {"installmentId": "6cdbb0e7813299c29f3a42d645cabfcb", "dueDate": "2021-03-20T00:00:00", "installmentValue": "181.98"}, {"installmentId": "7e97b8b9e6e95d45ad4ae5367b53d06a", "dueDate": "2021-11-20T00:00:00", "installmentValue": "181.98"}, {"installmentId": "49734ffeace1f2f30e1f985b23caa959", "dueDate": "2021-09-20T00:00:00", "installmentValue": "181.98"}, {"installmentId": "5cce40a02e2823ce8a2526c4e1677bf5", "dueDate": "2021-08-20T00:00:00", "installmentValue": "181.98"}]}