{"originationId": "ba1b9a8e029a06163f5b9ab1de380303", "clientId": "2c56da5a988614d10e06a70eb912b67a", "registerDate": "2021-05-21T00:00:00", "installments": [{"installmentId": "a52ef1793f8b8e5b524ba9dc01b7225b", "dueDate": "2021-09-15T00:00:00", "installmentValue": "26.67"}, {"installmentId": "230e6c0e46adf4275e03132140ab26c3", "dueDate": "2021-07-15T00:00:00", "installmentValue": "26.66"}, {"installmentId": "0de69424380d3f673cecdf6f4b0d6c78", "dueDate": "2021-08-15T00:00:00", "installmentValue": "26.66"}]}