{"originationId": "bda13ba2c673056dda92b0e8c19218ec", "clientId": "ea305a7dffe103ef29058d2ec97e9df8", "registerDate": "2021-02-06T00:00:00", "installments": [{"installmentId": "08bfffd785ce718f693120628c9c9ff9", "dueDate": "2021-07-20T00:00:00", "installmentValue": "57.99"}, {"installmentId": "75c2d7b83332fbd017011c0a22e6f5a2", "dueDate": "2021-08-20T00:00:00", "installmentValue": "57.99"}, {"installmentId": "5ec78d15bda8354738cb9e64d2b65ba6", "dueDate": "2021-02-20T00:00:00", "installmentValue": "57.99"}, {"installmentId": "74e548189acf0a6ed780068ab7069192", "dueDate": "2021-06-20T00:00:00", "installmentValue": "57.99"}, {"installmentId": "48f75b23d5b45ff859a8408ca17d4a32", "dueDate": "2021-09-20T00:00:00", "installmentValue": "57.99"}, {"installmentId": "cc37995b6618a7b03d8f01d3238a8adb", "dueDate": "2021-11-20T00:00:00", "installmentValue": "57.99"}, {"installmentId": "094940871225d9da3f434b99e70fdc9c", "dueDate": "2021-05-20T00:00:00", "installmentValue": "57.99"}, {"installmentId": "4dedbbd19c028f6fdc06fb837fee2164", "dueDate": "2021-04-20T00:00:00", "installmentValue": "57.99"}, {"installmentId": "1906c021b60e9fe9becc93df502451e7", "dueDate": "2021-03-20T00:00:00", "installmentValue": "57.99"}, {"installmentId": "07ca1d1f3fe7b0234a394ac7cf90da71", "dueDate": "2021-10-20T00:00:00", "installmentValue": "57.99"}]}