{"originationId": "bdd3152e089b70b2aefecdd7ffe89462", "clientId": "e6ecc33a4b22b600fc5b07441fbd0767", "registerDate": "2021-02-17T00:00:00", "installments": [{"installmentId": "f3e150e192264a10b5bcc43d9c94b8af", "dueDate": "2021-08-15T00:00:00", "installmentValue": "41.38"}, {"installmentId": "bad78b944e53bc6f0e8aa597a3e0f83e", "dueDate": "2021-07-15T00:00:00", "installmentValue": "41.36"}, {"installmentId": "94faf539af910af584b1992edd0d2789", "dueDate": "2021-05-15T00:00:00", "installmentValue": "41.36"}, {"installmentId": "973f14ecdeb9f7a5444a889503ba54b3", "dueDate": "2021-04-15T00:00:00", "installmentValue": "41.36"}, {"installmentId": "6ced20927b3e5589193ce1ff716f8347", "dueDate": "2021-06-15T00:00:00", "installmentValue": "41.36"}]}