{"originationId": "c3c6666f59ee966028c1766821268d01", "clientId": "473f7ebd49263d84c18f006e6e0a8a08", "registerDate": "2021-05-03T00:00:00", "installments": [{"installmentId": "9b9a711580d9aef62c112cfa79f54355", "dueDate": "2021-12-15T00:00:00", "installmentValue": "129.99"}, {"installmentId": "f16d3a8349ba1c399b36270c530f0ca8", "dueDate": "2021-05-15T00:00:00", "installmentValue": "129.99"}, {"installmentId": "d96a6afdc1904dedc5251c8da9fb3063", "dueDate": "2021-10-15T00:00:00", "installmentValue": "129.99"}, {"installmentId": "726286ee3490a64a9f37d149f4c42320", "dueDate": "2021-08-15T00:00:00", "installmentValue": "129.99"}, {"installmentId": "332809b6fd41b9a2d84c9df8090d1ad3", "dueDate": "2021-06-15T00:00:00", "installmentValue": "129.99"}, {"installmentId": "f5e6105d10ed6eafed709f7f19ffabe6", "dueDate": "2021-07-15T00:00:00", "installmentValue": "129.99"}, {"installmentId": "b627aa7cf323ff4a10d7ac43f681ac37", "dueDate": "2022-01-15T00:00:00", "installmentValue": "129.99"}, {"installmentId": "994347a75bdd47cb7e19fb89159d1043", "dueDate": "2021-09-15T00:00:00", "installmentValue": "129.99"}, {"installmentId": "7cbae35e39de3aeb2c2fa5f91ff24ece", "dueDate": "2022-02-15T00:00:00", "installmentValue": "129.99"}, {"installmentId": "57ee13137543c6481a919a5341504811", "dueDate": "2021-11-15T00:00:00", "installmentValue": "129.99"}]}