{"originationId": "c620362a255a2d8f2547b86243f5ab96", "clientId": "ea59595ec3a99b26960167cb49da1f0b", "registerDate": "2021-01-16T00:00:00", "installments": [{"installmentId": "06d128791f18ea1b46ac232660f3697a", "dueDate": "2021-06-10T00:00:00", "installmentValue": "11.18"}, {"installmentId": "f4eacfb84cd32d5677f411086ae5f339", "dueDate": "2021-02-10T00:00:00", "installmentValue": "11.2"}, {"installmentId": "601f4b376a773187159aa285c4223c00", "dueDate": "2021-04-10T00:00:00", "installmentValue": "11.20"}, {"installmentId": "210daf814e739496ce4365c79327f5ee", "dueDate": "2021-03-10T00:00:00", "installmentValue": "11.2"}, {"installmentId": "8897cddfb08cac0d83af5027b034644c", "dueDate": "2021-05-10T00:00:00", "installmentValue": "11.20"}]}