{"originationId": "c71b5c65178681215789d547d087a992", "clientId": "ea59595ec3a99b26960167cb49da1f0b", "registerDate": "2021-02-20T00:00:00", "installments": [{"installmentId": "7dc40a64c06c798e2664bcb3239a7623", "dueDate": "2021-07-10T00:00:00", "installmentValue": "43.99"}, {"installmentId": "27bfe65d8a9a401612fec19ba37738bd", "dueDate": "2021-06-10T00:00:00", "installmentValue": "43.99"}, {"installmentId": "1b7f471c01a0f628ca139cb43936976d", "dueDate": "2021-05-10T00:00:00", "installmentValue": "43.99"}, {"installmentId": "4bc2eb53bca914a622b4a3eb8d7b1147", "dueDate": "2021-04-10T00:00:00", "installmentValue": "43.99"}, {"installmentId": "0f1cef6e2bbdd5d338b56780589138d6", "dueDate": "2021-08-10T00:00:00", "installmentValue": "44.00"}]}