{"originationId": "c8ee478cb3554cca3c1a73f318febb0d", "clientId": "2c56da5a988614d10e06a70eb912b67a", "registerDate": "2021-04-22T00:00:00", "installments": [{"installmentId": "d956c2ee59c22a4a5a7b4d13def337ad", "dueDate": "2021-09-15T00:00:00", "installmentValue": "18.00"}, {"installmentId": "e94f0569526d7a19601cfc9f092eb0b5", "dueDate": "2021-06-15T00:00:00", "installmentValue": "18.00"}, {"installmentId": "3496d4d6ca0beb5115ca589f06a9d038", "dueDate": "2021-10-15T00:00:00", "installmentValue": "17.99"}, {"installmentId": "a932d38e605be79bfbe863596bb05154", "dueDate": "2021-08-15T00:00:00", "installmentValue": "18.00"}, {"installmentId": "6073387ccd3b5792f4134051402eeb2b", "dueDate": "2021-07-15T00:00:00", "installmentValue": "18.00"}]}