{"originationId": "cb6864a5627b235c28169b7466058276", "clientId": "525de972e2151ca6fd6ede0f7e6a5ffd", "registerDate": "2021-06-16T00:00:00", "installments": [{"installmentId": "62947ff031116f6a1eb6ce5e377eebd8", "dueDate": "2021-09-25T00:00:00", "installmentValue": "79.99"}, {"installmentId": "5036bec4ebb2776b78f38ee0f4c54af4", "dueDate": "2021-07-25T00:00:00", "installmentValue": "79.99"}, {"installmentId": "e429c4c6fe3503cd8990e7c3c05f9936", "dueDate": "2022-04-25T00:00:00", "installmentValue": "79.99"}, {"installmentId": "3a1155f132fe5e7abc64ee373e9af6a9", "dueDate": "2021-08-25T00:00:00", "installmentValue": "79.99"}, {"installmentId": "6969cafb0e348e521e953bc5c8f09553", "dueDate": "2021-11-25T00:00:00", "installmentValue": "79.99"}, {"installmentId": "c4814d2839640d05df569fd47569f344", "dueDate": "2021-10-25T00:00:00", "installmentValue": "79.99"}, {"installmentId": "03c17a337f8b3d990aaa554486c7ee6e", "dueDate": "2022-03-25T00:00:00", "installmentValue": "79.99"}, {"installmentId": "839eda9c4968385140fe0f8b9528b955", "dueDate": "2022-01-25T00:00:00", "installmentValue": "79.99"}, {"installmentId": "b3d74b17e1ca9c400d6ecfe53b254d51", "dueDate": "2022-02-25T00:00:00", "installmentValue": "79.99"}, {"installmentId": "bb9858fe9915fd3d1f41a590ed9f6b63", "dueDate": "2021-12-25T00:00:00", "installmentValue": "79.99"}]}