{"originationId": "ce62d4bbc58fcc896e384826561f7809", "clientId": "83f62d7630c968c654129afa4c7136a6", "registerDate": "2021-04-27T00:00:00", "installments": [{"installmentId": "636010cd7ce295bf05fd1c104e998c6b", "dueDate": "2021-08-10T00:00:00", "installmentValue": "10.80"}, {"installmentId": "c9c43851aa08c2dc1a8d73a4c69da91b", "dueDate": "2021-10-10T00:00:00", "installmentValue": "10.81"}, {"installmentId": "638006a1e0b029bd4c216ec16d0224ae", "dueDate": "2021-06-10T00:00:00", "installmentValue": "10.80"}, {"installmentId": "5975d04d28ece39820e36bed85f6448f", "dueDate": "2021-07-10T00:00:00", "installmentValue": "10.80"}, {"installmentId": "6995e143854baf64ae8bee85eb7a487c", "dueDate": "2021-09-10T00:00:00", "installmentValue": "10.80"}]}