{"originationId": "d04c70ed9f1ce072ac6fd81cf82eefb2", "clientId": "ef256070e89c0d8ea2bb528ad2f3a741", "registerDate": "2021-05-28T00:00:00", "installments": [{"installmentId": "13f8e2e5820479c4cf82ff8952015853", "dueDate": "2021-10-20T00:00:00", "installmentValue": "22.99"}, {"installmentId": "f003233b06a7ce1d6e8c9f39eff78e39", "dueDate": "2021-11-20T00:00:00", "installmentValue": "22.99"}, {"installmentId": "0356c408aa4b067819f17db88fae5e09", "dueDate": "2021-08-20T00:00:00", "installmentValue": "22.99"}, {"installmentId": "40e2a94565bd68b5e775c5c6fce13d52", "dueDate": "2021-12-20T00:00:00", "installmentValue": "14.99"}, {"installmentId": "1d1d3907e30c7e14d866eaea1ee0b1e7", "dueDate": "2021-09-20T00:00:00", "installmentValue": "22.99"}, {"installmentId": "c6c35a05cf62c00bf2394c1ed8f9a8dd", "dueDate": "2021-07-20T00:00:00", "installmentValue": "22.99"}, {"installmentId": "537527d5237e9efa6adcec4ee7ebd028", "dueDate": "2022-03-20T00:00:00", "installmentValue": "14.99"}, {"installmentId": "78ed4154bac08bdfa7f31d93b5e8ba47", "dueDate": "2022-01-20T00:00:00", "installmentValue": "14.99"}, {"installmentId": "d40e92402162524770db1f1876b7c402", "dueDate": "2022-02-20T00:00:00", "installmentValue": "14.99"}, {"installmentId": "d88e4c4d41ed878e535545d104079d20", "dueDate": "2022-04-20T00:00:00", "installmentValue": "14.97"}]}