{"originationId": "d10748cae4a9fcb92293a7df88ef3ec0", "clientId": "5124dd44dd48b0f92da126790b7597f4", "registerDate": "2021-04-01T00:00:00", "installments": [{"installmentId": "503f4350e7debc714fb905aff2bc70a1", "dueDate": "2021-12-10T00:00:00", "installmentValue": "14.99"}, {"installmentId": "0082544cf0eb89dc2459bc44e46adb12", "dueDate": "2021-06-10T00:00:00", "installmentValue": "64.99"}, {"installmentId": "fe78be09b18f86b81d96d339aba6939c", "dueDate": "2021-11-10T00:00:00", "installmentValue": "14.99"}, {"installmentId": "dac5b6229d310b2d914bbd38c72c7380", "dueDate": "2022-01-10T00:00:00", "installmentValue": "14.99"}, {"installmentId": "24fab623670789e6aadaf2378bcc9af0", "dueDate": "2021-10-10T00:00:00", "installmentValue": "14.99"}, {"installmentId": "f0e74bb12c1649af1da4cb7c8ba2ed47", "dueDate": "2022-02-10T00:00:00", "installmentValue": "14.98"}, {"installmentId": "6cc9ef0a0a1784011694f26c96ac154f", "dueDate": "2021-08-10T00:00:00", "installmentValue": "64.99"}, {"installmentId": "63dee980262c1be1cb2ecd4cb49da8d9", "dueDate": "2021-05-10T00:00:00", "installmentValue": "64.99"}, {"installmentId": "a218df89e428ca71c6863a21492d64e5", "dueDate": "2021-07-10T00:00:00", "installmentValue": "64.99"}, {"installmentId": "67616807d98710e38022726c51ea9c39", "dueDate": "2021-09-10T00:00:00", "installmentValue": "64.99"}]}