{"originationId": "d12e85ab2ea0980a35d2ffb3a26f3858", "clientId": "b7c876c42ef5628804a1a22a191fb4fc", "registerDate": "2021-06-14T00:00:00", "installments": [{"installmentId": "8af9b9ae43ba3936f487405af8b353d4", "dueDate": "2021-08-15T00:00:00", "installmentValue": "39.94"}, {"installmentId": "9950f99095255d936677c3cc3567c76a", "dueDate": "2022-02-15T00:00:00", "installmentValue": "39.94"}, {"installmentId": "f5a91574bde76015302fa73688f8c98b", "dueDate": "2021-10-15T00:00:00", "installmentValue": "39.94"}, {"installmentId": "81fe811d8efa4128f2e79e9ca79bf0d1", "dueDate": "2021-11-15T00:00:00", "installmentValue": "39.94"}, {"installmentId": "b8479efd8d9e0f427d411e790e436f4a", "dueDate": "2022-04-15T00:00:00", "installmentValue": "39.99"}, {"installmentId": "539500f9d2c30802843bf1ee27102753", "dueDate": "2021-09-15T00:00:00", "installmentValue": "39.94"}, {"installmentId": "46411786028193685a3d931a5674206e", "dueDate": "2021-07-15T00:00:00", "installmentValue": "39.94"}, {"installmentId": "f0ccc4bcc9ef67b9e641f5d9e879024c", "dueDate": "2022-03-15T00:00:00", "installmentValue": "39.94"}, {"installmentId": "57e2ad74eb0f8f2ad935d3d2b8d53151", "dueDate": "2022-01-15T00:00:00", "installmentValue": "39.94"}, {"installmentId": "038e8540eac477dd74fb83ea46be76e2", "dueDate": "2021-12-15T00:00:00", "installmentValue": "39.94"}]}