{"originationId": "d2a3cbc7c51b5393521b7c249ee6dfe5", "clientId": "11c064a2125765f123e3d62146cb009b", "registerDate": "2021-06-26T00:00:00", "installments": [{"installmentId": "0a5fe06a9bcbaf8e29f98308b6f6a343", "dueDate": "2022-01-10T00:00:00", "installmentValue": "164.83"}, {"installmentId": "9d9ffcf8b81fe20e74c9d35273c1928d", "dueDate": "2022-02-10T00:00:00", "installmentValue": "164.83"}, {"installmentId": "2c2687f6da8642ac1b6bd6b270fb0b63", "dueDate": "2022-04-10T00:00:00", "installmentValue": "164.83"}, {"installmentId": "86035fb6822118054654557d9586bb8f", "dueDate": "2022-05-10T00:00:00", "installmentValue": "164.83"}, {"installmentId": "e5a29cd788ab88e7999c391649d4a8dd", "dueDate": "2022-07-10T00:00:00", "installmentValue": "164.83"}, {"installmentId": "4812dd34db658c2e4482f454e44d4251", "dueDate": "2022-08-10T00:00:00", "installmentValue": "164.83"}, {"installmentId": "98abf5b46d84e3ab174117606c2e5059", "dueDate": "2022-09-10T00:00:00", "installmentValue": "164.83"}, {"installmentId": "9618d26fd17c06f65dc71855dac353ad", "dueDate": "2022-10-10T00:00:00", "installmentValue": "164.86"}, {"installmentId": "fef829063360b6a1d1320f10cb14da31", "dueDate": "2021-10-10T00:00:00", "installmentValue": "164.83"}, {"installmentId": "878417e910e8e384ec7735063f4c7648", "dueDate": "2021-11-10T00:00:00", "installmentValue": "164.83"}, {"installmentId": "c01b8116a9c9900cf69cef60da589c3c", "dueDate": "2021-12-10T00:00:00", "installmentValue": "164.83"}, {"installmentId": "523787900780b8be32cf04fb9dfec133", "dueDate": "2022-03-10T00:00:00", "installmentValue": "164.83"}, {"installmentId": "a95db098e312523ee63dc4b73dca6f75", "dueDate": "2022-06-10T00:00:00", "installmentValue": "164.83"}, {"installmentId": "03f08c57e3794ba7941499dadc15886a", "dueDate": "2021-08-10T00:00:00", "installmentValue": "164.83"}, {"installmentId": "c3657dca5651ec2711146322dccd68aa", "dueDate": "2021-09-10T00:00:00", "installmentValue": "164.83"}]}