{"originationId": "d2eaaa4c44a3c4d17af446699f2d73fa", "clientId": "49d1b8c54f8981e75e159430a0efbe24", "registerDate": "2021-01-23T00:00:00", "installments": [{"installmentId": "d2dd9d7902791b1600a71f2c19b35c17", "dueDate": "2021-03-10T00:00:00", "installmentValue": "125.98"}, {"installmentId": "37ea957eadfd6794cb2ad975293d726a", "dueDate": "2021-06-10T00:00:00", "installmentValue": "125.98"}, {"installmentId": "7c93fd1162a6f920f84f27f1b8d45a74", "dueDate": "2021-07-10T00:00:00", "installmentValue": "125.99"}, {"installmentId": "83d042df1085e878b2e41cdd3edba2fb", "dueDate": "2021-05-10T00:00:00", "installmentValue": "125.98"}, {"installmentId": "9e9fbf63883037f2233d97794e7ffd16", "dueDate": "2021-04-10T00:00:00", "installmentValue": "125.98"}]}