{"originationId": "d41f21656be698dd24afbf3926bfd259", "clientId": "2c56da5a988614d10e06a70eb912b67a", "registerDate": "2021-06-03T00:00:00", "installments": [{"installmentId": "bab94e08bd652169f50dbfd3b51314c3", "dueDate": "2021-07-15T00:00:00", "installmentValue": "26.00"}, {"installmentId": "3b2d50ec31905c18ba63eccb8bc21a59", "dueDate": "2021-09-15T00:00:00", "installmentValue": "26.00"}, {"installmentId": "189e3d501dd93a8ebbb9cc45a6811af2", "dueDate": "2021-06-15T00:00:00", "installmentValue": "26.00"}, {"installmentId": "9fb626924cd5c5a9ad48ccc03b57937d", "dueDate": "2021-10-15T00:00:00", "installmentValue": "25.98"}, {"installmentId": "dab6d5f8eaaf8e331cabf79147289f2e", "dueDate": "2021-08-15T00:00:00", "installmentValue": "26.00"}]}