{"originationId": "d42f0c4fab1e1ad217b87d098f9861f6", "clientId": "76bd13c9636958d2983551e08b9dffe6", "registerDate": "2021-06-29T00:00:00", "installments": [{"installmentId": "83d544faec6d0a5f30657ff56f8fb24f", "dueDate": "2022-03-13T00:00:00", "installmentValue": "22.00"}, {"installmentId": "ffdee07d32ca9571399a6c2725873ff9", "dueDate": "2021-12-13T00:00:00", "installmentValue": "22.00"}, {"installmentId": "1a997cd05a60c0d28d0c05821b997743", "dueDate": "2021-11-13T00:00:00", "installmentValue": "22.00"}, {"installmentId": "d1f571422554e823bd9b91d0e419fc20", "dueDate": "2022-02-13T00:00:00", "installmentValue": "22.00"}, {"installmentId": "6f65218f20e12830f434d48e7e340596", "dueDate": "2022-04-13T00:00:00", "installmentValue": "22.00"}, {"installmentId": "742fc476b8d92e0567f2317288176b3d", "dueDate": "2021-08-13T00:00:00", "installmentValue": "22.00"}, {"installmentId": "20e5ed686f13ab3ff994e391294b996f", "dueDate": "2021-10-13T00:00:00", "installmentValue": "22.00"}, {"installmentId": "8fa078e9e9063dd2a8ad9a16b89b9fc8", "dueDate": "2022-05-13T00:00:00", "installmentValue": "21.99"}, {"installmentId": "b486ab0da6d291c5b062ae8c92b65ae0", "dueDate": "2022-01-13T00:00:00", "installmentValue": "22.00"}, {"installmentId": "40e65a14be5d8328464d485814d8dea8", "dueDate": "2021-09-13T00:00:00", "installmentValue": "22.00"}]}