{"originationId": "d4c581545015b52efbe7b9d7f1a872a8", "clientId": "83f62d7630c968c654129afa4c7136a6", "registerDate": "2021-04-26T00:00:00", "installments": [{"installmentId": "71e41ff71d5b6ddc0c078caaf30f06a9", "dueDate": "2021-07-10T00:00:00", "installmentValue": "111.98"}, {"installmentId": "5f17b344a67687b09419063f7eccb963", "dueDate": "2021-09-10T00:00:00", "installmentValue": "111.98"}, {"installmentId": "01585d1e508137808f2f5669d0a60ad9", "dueDate": "2022-02-10T00:00:00", "installmentValue": "39.99"}, {"installmentId": "2f2d133c5f877dc18e78d3293f1a4e2d", "dueDate": "2022-03-10T00:00:00", "installmentValue": "39.98"}, {"installmentId": "08e3a1c456ab8f84dfb396c9d9da9256", "dueDate": "2021-12-10T00:00:00", "installmentValue": "39.99"}, {"installmentId": "3aedd13755046a77b2e4d0d4a2978c88", "dueDate": "2021-11-10T00:00:00", "installmentValue": "39.99"}, {"installmentId": "0afcc8014121900aefc59550fff3e668", "dueDate": "2022-01-10T00:00:00", "installmentValue": "39.99"}, {"installmentId": "6b473fa2dc17cea1a62af10548fe5d5d", "dueDate": "2021-06-10T00:00:00", "installmentValue": "111.98"}, {"installmentId": "417d1331a309af2c3f750b50c1d28af8", "dueDate": "2021-10-10T00:00:00", "installmentValue": "111.98"}, {"installmentId": "e89504bc2443bdce54787cf9ae646420", "dueDate": "2021-08-10T00:00:00", "installmentValue": "111.98"}]}