{"originationId": "d553607735b1a0a09dcc9c97621c4ba6", "clientId": "950c7f3369056b9137580a7e6f43f051", "registerDate": "2021-01-02T00:00:00", "installments": [{"installmentId": "699aff230285abce3c6c3f975cb575ad", "dueDate": "2021-06-10T00:00:00", "installmentValue": "71.54"}, {"installmentId": "ae7998977f987e4ebe351b68cef72bf1", "dueDate": "2021-11-10T00:00:00", "installmentValue": "71.51"}, {"installmentId": "a96ad74440c755f7cf663b74c811470c", "dueDate": "2021-03-10T00:00:00", "installmentValue": "71.54"}, {"installmentId": "c2d1fa1c9b9066b5794fa1c9805dac60", "dueDate": "2021-10-10T00:00:00", "installmentValue": "71.54"}, {"installmentId": "fc449d9739942c68d38c2d12823a09be", "dueDate": "2021-07-10T00:00:00", "installmentValue": "71.54"}, {"installmentId": "359c3aa3614aab813c52ab7f518d397d", "dueDate": "2021-08-10T00:00:00", "installmentValue": "71.54"}, {"installmentId": "49c728ce169a1ccea4aa4b540935df32", "dueDate": "2021-02-10T00:00:00", "installmentValue": "71.54"}, {"installmentId": "beec312972cd7c3d6defae4b2e5b4bfb", "dueDate": "2021-09-10T00:00:00", "installmentValue": "71.54"}, {"installmentId": "ca703ce3d623dfef7623eb2fb94db51a", "dueDate": "2021-05-10T00:00:00", "installmentValue": "71.54"}, {"installmentId": "14cddb9fcdc90548fec3155c76e07754", "dueDate": "2021-04-10T00:00:00", "installmentValue": "71.54"}]}