{"originationId": "d7629aec8eb9414a12f605e526b6eff2", "clientId": "f0fe134802a6bbac7a987ddc774744a4", "registerDate": "2021-04-01T00:00:00", "installments": [{"installmentId": "bb1be5574cd8f54bb8963b9557a2b300", "dueDate": "2022-01-15T00:00:00", "installmentValue": "12.85"}, {"installmentId": "591dbb3c3acc57ea6b9dd2687e07608e", "dueDate": "2021-11-15T00:00:00", "installmentValue": "12.90"}, {"installmentId": "cfc074b3c7dc3af58d3d68316896b99a", "dueDate": "2021-06-15T00:00:00", "installmentValue": "12.90"}, {"installmentId": "91a07edeb574d29dbc22a09d5c9d01e0", "dueDate": "2021-05-15T00:00:00", "installmentValue": "12.90"}, {"installmentId": "f2550db2dd0cc1855721319a9c26ff18", "dueDate": "2021-08-15T00:00:00", "installmentValue": "12.90"}, {"installmentId": "8beee5897eae4493b37b2cbdb2e5914b", "dueDate": "2021-07-15T00:00:00", "installmentValue": "12.90"}, {"installmentId": "cd24940d4cd84489aeea181956cfa183", "dueDate": "2021-09-15T00:00:00", "installmentValue": "12.90"}, {"installmentId": "3b23df0a016cd4b72a2cb75e4ca1a010", "dueDate": "2021-12-15T00:00:00", "installmentValue": "12.90"}, {"installmentId": "2d708186f4cb0a11cdd37a8c00715d2b", "dueDate": "2021-10-15T00:00:00", "installmentValue": "12.90"}, {"installmentId": "329a33c82497259a1a6c25cd006c8685", "dueDate": "2021-04-15T00:00:00", "installmentValue": "12.90"}]}