{"originationId": "d97b73cfba8573dacbf94fc0adc59ace", "clientId": "5124dd44dd48b0f92da126790b7597f4", "registerDate": "2021-01-08T00:00:00", "installments": [{"installmentId": "4366e7a49113513e63114714cf99b783", "dueDate": "2021-02-10T00:00:00", "installmentValue": "63.98"}, {"installmentId": "3087931557567e2f843ba76baebf00c8", "dueDate": "2021-03-10T00:00:00", "installmentValue": "63.98"}, {"installmentId": "7937cff0b0cf1c37ecb3061362844900", "dueDate": "2021-06-10T00:00:00", "installmentValue": "63.97"}, {"installmentId": "b4a521c4ce6c72810e498841b9e84dd2", "dueDate": "2021-04-10T00:00:00", "installmentValue": "63.98"}, {"installmentId": "2a875a61dff8cb4cb6a04812d054725f", "dueDate": "2021-05-10T00:00:00", "installmentValue": "63.98"}]}