{"originationId": "da2a4929394026ffe17a640d2338fcc8", "clientId": "a32eb044ef4f094c78e8bbcd2df88125", "registerDate": "2021-04-05T00:00:00", "installments": [{"installmentId": "78bbba217091e62940aaf7c423cb6991", "dueDate": "2021-12-10T00:00:00", "installmentValue": "524.97"}, {"installmentId": "cf9f556e4f20bc894ea8a037077750a5", "dueDate": "2021-07-10T00:00:00", "installmentValue": "552.96"}, {"installmentId": "79bf59e21a04635b72ca8b72b0a98823", "dueDate": "2021-11-10T00:00:00", "installmentValue": "524.97"}, {"installmentId": "8ca0f5cf218e35d053cde98b97fee449", "dueDate": "2021-06-10T00:00:00", "installmentValue": "552.96"}, {"installmentId": "75caa8615dba37cbc04a383be245b221", "dueDate": "2021-10-10T00:00:00", "installmentValue": "524.97"}, {"installmentId": "51c8ec61780bdfd0a05c94c11c9f93ab", "dueDate": "2021-08-10T00:00:00", "installmentValue": "552.96"}, {"installmentId": "d218d1ba234a47678b9e134f58d686b9", "dueDate": "2021-05-10T00:00:00", "installmentValue": "552.96"}, {"installmentId": "33890642f62b2fd8ff083cdc7a693405", "dueDate": "2022-01-10T00:00:00", "installmentValue": "524.97"}, {"installmentId": "f14011060ceed94537ea01bc224165c4", "dueDate": "2021-09-10T00:00:00", "installmentValue": "552.96"}, {"installmentId": "127b4d0121498245cb7ca9545e59511a", "dueDate": "2022-02-10T00:00:00", "installmentValue": "524.99"}]}