{"originationId": "db0bb7157c596a0bb7ff915d20ef7068", "clientId": "1f1a7e7c2a0633d4524c9fadd0ec0368", "registerDate": "2021-04-01T00:00:00", "installments": [{"installmentId": "0b6d0b539c3dede104aac380c63546d3", "dueDate": "2021-08-15T00:00:00", "installmentValue": "22.01"}, {"installmentId": "a027b186c19e8c08e4dac2e786e9146e", "dueDate": "2021-06-15T00:00:00", "installmentValue": "21.99"}, {"installmentId": "9bc7009497e01a485d8e82950f531967", "dueDate": "2021-04-15T00:00:00", "installmentValue": "21.99"}, {"installmentId": "0e18eae3d204ef80991bff54751583a2", "dueDate": "2021-07-15T00:00:00", "installmentValue": "21.99"}, {"installmentId": "0b988a81e7bf90a10e6e5e359027b2a2", "dueDate": "2021-05-15T00:00:00", "installmentValue": "21.99"}]}