{"originationId": "db4d53960931470e5d058ecb6160b6fd", "clientId": "4b856296edf493b9e4208ad200ab1c2e", "registerDate": "2021-02-01T00:00:00", "installments": [{"installmentId": "2ec5852b1efab99428a4e8279ffacd95", "dueDate": "2021-10-28T00:00:00", "installmentValue": "32.99"}, {"installmentId": "1ac1e3d5e7c8d5805a2e21279be1dc31", "dueDate": "2021-11-28T00:00:00", "installmentValue": "32.97"}, {"installmentId": "81f6fbaaae435eb6955102fc8ac1a0c6", "dueDate": "2021-05-28T00:00:00", "installmentValue": "52.99"}, {"installmentId": "219fe9d67500e9934379e685bd242828", "dueDate": "2021-02-28T00:00:00", "installmentValue": "52.99"}, {"installmentId": "7132f951c5f995a79d730e63f8b57f05", "dueDate": "2021-04-28T00:00:00", "installmentValue": "52.99"}, {"installmentId": "d89b216535b37a32c309692b7644deb9", "dueDate": "2021-03-28T00:00:00", "installmentValue": "52.99"}, {"installmentId": "7d1ddd8f46cccf012607d32acf9600e2", "dueDate": "2021-08-28T00:00:00", "installmentValue": "32.99"}, {"installmentId": "1710db2e7f5ffa982b07cd7c904e4855", "dueDate": "2021-09-28T00:00:00", "installmentValue": "32.99"}, {"installmentId": "73e9c3ae9b4f8822e16eb9ade43dee3d", "dueDate": "2021-06-28T00:00:00", "installmentValue": "52.99"}, {"installmentId": "47bbc542fb630f2072edef573bbb2af9", "dueDate": "2021-07-28T00:00:00", "installmentValue": "32.99"}]}