{"originationId": "e2af90b4d0eefc3a0a7f981f6b6de04a", "clientId": "5124dd44dd48b0f92da126790b7597f4", "registerDate": "2021-05-04T00:00:00", "installments": [{"installmentId": "b85cfb0febe2185469d756b85a20a8c7", "dueDate": "2021-08-10T00:00:00", "installmentValue": "37.99"}, {"installmentId": "0bdc5057382d345b17f25007bf45376b", "dueDate": "2021-10-10T00:00:00", "installmentValue": "38.01"}, {"installmentId": "d43d1c957e3427b213da7a222f9c0ec4", "dueDate": "2021-06-10T00:00:00", "installmentValue": "37.99"}, {"installmentId": "e56dcc43f6be0e079bbf7895dc875b3c", "dueDate": "2021-07-10T00:00:00", "installmentValue": "37.99"}, {"installmentId": "9f25661885117f65a1e50436323f5cd7", "dueDate": "2021-09-10T00:00:00", "installmentValue": "37.99"}]}