{"originationId": "e3929cc8d2b4266db68d0e05262f6573", "clientId": "9644ab7c96a04b37a43740e83c22abb1", "registerDate": "2021-04-24T00:00:00", "installments": [{"installmentId": "28ffc796116709019c447fa4f46d494a", "dueDate": "2021-06-15T00:00:00", "installmentValue": "62.49"}, {"installmentId": "ab0a7f7584011edf9d6fb21a53d8f36c", "dueDate": "2021-08-15T00:00:00", "installmentValue": "62.49"}, {"installmentId": "909d85c149e812d31d5358947d94656a", "dueDate": "2021-10-15T00:00:00", "installmentValue": "62.48"}, {"installmentId": "d5ace3c12c5883059d347381ce5063e6", "dueDate": "2021-09-15T00:00:00", "installmentValue": "62.49"}, {"installmentId": "c21ae170daddde83cadb742ba11313ef", "dueDate": "2021-07-15T00:00:00", "installmentValue": "62.49"}]}