{"originationId": "e4bcc278425628d63f330360d6c53b66", "clientId": "01ee1f8b1bc194e9774d02ee7811f90e", "registerDate": "2021-04-14T00:00:00", "installments": [{"installmentId": "f60ab906ec01bbf6a0d144aef580f0c4", "dueDate": "2021-07-15T00:00:00", "installmentValue": "68.99"}, {"installmentId": "784c8797e813ce17c25716ceb9ed358a", "dueDate": "2022-01-15T00:00:00", "installmentValue": "68.99"}, {"installmentId": "8c1a532aec6861faa6bef8046721f5a2", "dueDate": "2021-09-15T00:00:00", "installmentValue": "68.99"}, {"installmentId": "5093fa93b48d3111f922eba3c05b36d7", "dueDate": "2021-08-15T00:00:00", "installmentValue": "68.99"}, {"installmentId": "d0bd3aa70e034b5d9444381eca8a2ae1", "dueDate": "2021-12-15T00:00:00", "installmentValue": "68.99"}, {"installmentId": "d2519c5f2eb7512b631ac85477f467c4", "dueDate": "2022-02-15T00:00:00", "installmentValue": "68.98"}, {"installmentId": "a80f1bc361ed549a75284859b4415d35", "dueDate": "2021-05-15T00:00:00", "installmentValue": "68.99"}, {"installmentId": "0b2d1841499f43f5664b52596bb5b588", "dueDate": "2021-06-15T00:00:00", "installmentValue": "68.99"}, {"installmentId": "0b2c94e562a4110b5733731e855f5a2f", "dueDate": "2021-11-15T00:00:00", "installmentValue": "68.99"}, {"installmentId": "b8ee8a074bf4c65faf2b89dfc02b6a3f", "dueDate": "2021-10-15T00:00:00", "installmentValue": "68.99"}]}