{"originationId": "e4d8e82cc34519a332aa344bfdbc4260", "clientId": "4b856296edf493b9e4208ad200ab1c2e", "registerDate": "2021-04-01T00:00:00", "installments": [{"installmentId": "d8bda369b0389e8768b0905eebb8ff5b", "dueDate": "2022-01-28T00:00:00", "installmentValue": "19.50"}, {"installmentId": "1716f6d94c5db16d34372e6a47eb4087", "dueDate": "2021-10-28T00:00:00", "installmentValue": "19.50"}, {"installmentId": "5b109ae278a8e432dfe42caa52bdd65d", "dueDate": "2021-11-28T00:00:00", "installmentValue": "19.50"}, {"installmentId": "97cc54da2109d40688d574099df19930", "dueDate": "2021-04-28T00:00:00", "installmentValue": "35.48"}, {"installmentId": "71b46413d6898b80d42925300b8aa9f9", "dueDate": "2021-07-28T00:00:00", "installmentValue": "35.48"}, {"installmentId": "983575f8a4fce3834b3a846f21ddbaf4", "dueDate": "2021-08-28T00:00:00", "installmentValue": "35.48"}, {"installmentId": "65ebaeab7630557b4490a6a367975f66", "dueDate": "2021-05-28T00:00:00", "installmentValue": "35.48"}, {"installmentId": "b67b7e633a7ed89e863e05e46fe1bc07", "dueDate": "2021-06-28T00:00:00", "installmentValue": "35.48"}, {"installmentId": "3d92f1ecf4f179d117b6c940924b96ad", "dueDate": "2021-09-28T00:00:00", "installmentValue": "19.50"}, {"installmentId": "ea587220f662db6e261a903cef60696c", "dueDate": "2021-12-28T00:00:00", "installmentValue": "19.50"}]}