{"originationId": "e6b4bc911813c5461014a1fe4a6de4dc", "clientId": "e59985b6c5da957452c361567ce1dc49", "registerDate": "2021-05-14T00:00:00", "installments": [{"installmentId": "37b9fa713f45438693c2d85c1695a41f", "dueDate": "2021-08-15T00:00:00", "installmentValue": "114.97"}, {"installmentId": "ff70028505128194dd711efa11c7ebeb", "dueDate": "2021-06-15T00:00:00", "installmentValue": "114.97"}, {"installmentId": "877b41cca72c17063ba132c3a70d7f12", "dueDate": "2021-10-15T00:00:00", "installmentValue": "114.97"}, {"installmentId": "3d3f1bba23017b1008b1e40ffed238c0", "dueDate": "2021-09-15T00:00:00", "installmentValue": "114.97"}, {"installmentId": "dd38cf2a16cc078067d35e6e7fd3ae75", "dueDate": "2021-07-15T00:00:00", "installmentValue": "114.97"}]}