{"originationId": "e7198b2ef853b6aa1fe961e9eb7b0397", "clientId": "09b97be70ac26b97aadd241d57dae687", "registerDate": "2021-03-26T00:00:00", "installments": [{"installmentId": "73befffe97bc3a4dce241aaaad6f478a", "dueDate": "2021-05-10T00:00:00", "installmentValue": "290.21"}, {"installmentId": "df91035dc81623cbf16a70ffe639dbaa", "dueDate": "2022-05-10T00:00:00", "installmentValue": "290.21"}, {"installmentId": "c54501836923769e113ca565ffee8eb3", "dueDate": "2022-03-10T00:00:00", "installmentValue": "290.21"}, {"installmentId": "a0577fc6fe08ea4c259b427156cb3808", "dueDate": "2021-12-10T00:00:00", "installmentValue": "290.21"}, {"installmentId": "e726d10ebe73b2cfe7611e6a7b0eeb41", "dueDate": "2021-06-10T00:00:00", "installmentValue": "290.21"}, {"installmentId": "bb85f5cdc1156646214e30b24ec0a891", "dueDate": "2022-07-10T00:00:00", "installmentValue": "290.17"}, {"installmentId": "e22021eb0e551e3625dbf2730e470bce", "dueDate": "2021-08-10T00:00:00", "installmentValue": "290.21"}, {"installmentId": "355586ba3068247eb3eb4660fc871080", "dueDate": "2021-11-10T00:00:00", "installmentValue": "290.21"}, {"installmentId": "10c697d137d7438db6f550436e42c947", "dueDate": "2021-07-10T00:00:00", "installmentValue": "290.21"}, {"installmentId": "6c714f0a6d1f46713b56974093a9cc04", "dueDate": "2022-04-10T00:00:00", "installmentValue": "290.21"}, {"installmentId": "11c023dc0cbb6d66993cb5656b6d0a37", "dueDate": "2021-10-10T00:00:00", "installmentValue": "290.21"}, {"installmentId": "90836be67c5b71ec507c07d73a1e6a8a", "dueDate": "2021-09-10T00:00:00", "installmentValue": "290.21"}, {"installmentId": "34a941120f559c41fd8602956bdbd15c", "dueDate": "2022-06-10T00:00:00", "installmentValue": "290.21"}, {"installmentId": "60185cbc72c74ec86ef52fb9c92e3d60", "dueDate": "2022-02-10T00:00:00", "installmentValue": "290.21"}, {"installmentId": "3b4d497155ea9bef171ab166e70f26af", "dueDate": "2022-01-10T00:00:00", "installmentValue": "290.21"}]}