{"originationId": "e86a4d447cb08424a06c84c9a4a7e307", "clientId": "707ffec7c6185f4dcef822a5939cdabf", "registerDate": "2021-01-30T00:00:00", "installments": [{"installmentId": "285d2c412b5ba062032009e970c1a688", "dueDate": "2021-11-28T00:00:00", "installmentValue": "30.98"}, {"installmentId": "da1ceffffead260d745550845b3c4048", "dueDate": "2021-06-28T00:00:00", "installmentValue": "30.98"}, {"installmentId": "7f1e2a41d163e3343dde230ede22b1cd", "dueDate": "2021-07-28T00:00:00", "installmentValue": "30.98"}, {"installmentId": "5fb3c9ff259053350bbb5117410cc558", "dueDate": "2021-12-28T00:00:00", "installmentValue": "30.98"}, {"installmentId": "2053ad24836cd7a2d56470b69cb072f0", "dueDate": "2021-09-28T00:00:00", "installmentValue": "30.98"}, {"installmentId": "fc31efb4ccf29f6b0286b6a9d4ced7d6", "dueDate": "2021-03-28T00:00:00", "installmentValue": "30.98"}, {"installmentId": "1f7bb3860d0cf1e5b0bf123b8268df40", "dueDate": "2021-08-28T00:00:00", "installmentValue": "30.98"}, {"installmentId": "3c63105ce524e999acf58430993357ce", "dueDate": "2021-04-28T00:00:00", "installmentValue": "30.98"}, {"installmentId": "5e67aecb6f8ea6644d051aa000c79961", "dueDate": "2021-05-28T00:00:00", "installmentValue": "30.98"}, {"installmentId": "d1d5a93fbc4485dab00ae3f147611d80", "dueDate": "2021-10-28T00:00:00", "installmentValue": "30.98"}]}