{"originationId": "ea636b06ce4860a57ca1c3b794092e5c", "clientId": "a32eb044ef4f094c78e8bbcd2df88125", "registerDate": "2021-04-30T00:00:00", "installments": [{"installmentId": "8e11c957d6e85e725103b1bb234e4d1d", "dueDate": "2021-06-10T00:00:00", "installmentValue": "31.99"}, {"installmentId": "f60dcff2e8774095f08a578dff085d22", "dueDate": "2021-09-10T00:00:00", "installmentValue": "31.99"}, {"installmentId": "77cdbfa2da822fcee15577a12e99e0ee", "dueDate": "2021-07-10T00:00:00", "installmentValue": "31.99"}, {"installmentId": "5177c5b5004c3d7a6f6467ed94fec322", "dueDate": "2021-10-10T00:00:00", "installmentValue": "32.01"}, {"installmentId": "486fb2fb8c3b1df3a9beabece8812cdc", "dueDate": "2021-08-10T00:00:00", "installmentValue": "31.99"}]}