{"originationId": "eaab467a4f74702acb55211757bdf07e", "clientId": "999f186a11f160732aadc2a3416d899c", "registerDate": "2021-06-26T00:00:00", "installments": [{"installmentId": "100332cb6c822aa9602617e3d329280c", "dueDate": "2021-10-10T00:00:00", "installmentValue": "87.49"}, {"installmentId": "8378f1eb4a365509a456a90fde61ad92", "dueDate": "2021-11-10T00:00:00", "installmentValue": "87.50"}, {"installmentId": "845ac7226bbdeef3a012a3d2b568aff5", "dueDate": "2021-08-10T00:00:00", "installmentValue": "87.49"}, {"installmentId": "939cee8f1af410a288730fcaf6e8e66d", "dueDate": "2021-09-10T00:00:00", "installmentValue": "87.49"}]}