{"originationId": "eb757f9aa191204f0c56d2fafeae101d", "clientId": "b2f2256751213c6e212b4d0bc128ddbf", "registerDate": "2021-05-15T00:00:00", "installments": [{"installmentId": "449bf0bbc089caddb10bf085d0f668e2", "dueDate": "2021-12-15T00:00:00", "installmentValue": "123.25"}, {"installmentId": "00f6a1e04530d611b73271821f9ef70e", "dueDate": "2021-07-15T00:00:00", "installmentValue": "123.25"}, {"installmentId": "b17ffc608d05914ab4edfed4a9d40b51", "dueDate": "2022-01-15T00:00:00", "installmentValue": "123.25"}, {"installmentId": "9c6f681ef280f7976fe20a4b5048dca0", "dueDate": "2021-06-15T00:00:00", "installmentValue": "123.25"}, {"installmentId": "c5097f180d1128510d56ab26e9f378b1", "dueDate": "2021-10-15T00:00:00", "installmentValue": "123.25"}, {"installmentId": "a562a7f029745496e9ce077730dd1ca4", "dueDate": "2021-08-15T00:00:00", "installmentValue": "123.25"}, {"installmentId": "15f16882729f072b58a4b980cce35cca", "dueDate": "2021-09-15T00:00:00", "installmentValue": "123.25"}, {"installmentId": "a6fcd94093d38a3487e0e2cfff72e496", "dueDate": "2022-02-15T00:00:00", "installmentValue": "123.25"}, {"installmentId": "bf3052de2f798a1a205b8cc955e29ae2", "dueDate": "2022-03-15T00:00:00", "installmentValue": "123.21"}, {"installmentId": "707d0771bbc54b4d0a297c5ec284cd47", "dueDate": "2021-11-15T00:00:00", "installmentValue": "123.25"}]}