{"originationId": "ee16c9dfc33801f82aa39d08b11b318d", "clientId": "e6ecc33a4b22b600fc5b07441fbd0767", "registerDate": "2021-05-17T00:00:00", "installments": [{"installmentId": "38e83eb46cdb9293ab41ecc691d2e4bd", "dueDate": "2021-11-15T00:00:00", "installmentValue": "59.45"}, {"installmentId": "61df32b0a39be52599b1b4f3a2e3c146", "dueDate": "2021-09-15T00:00:00", "installmentValue": "59.44"}, {"installmentId": "613057b328cd2b3a0074c1091d85c040", "dueDate": "2021-10-15T00:00:00", "installmentValue": "59.44"}, {"installmentId": "84d5bd249a0becdebf18f1a85dd6acc5", "dueDate": "2021-07-15T00:00:00", "installmentValue": "59.44"}, {"installmentId": "308a41191e625ae5319b86a8a5eb3101", "dueDate": "2021-08-15T00:00:00", "installmentValue": "59.44"}]}