{"originationId": "ef08cf584de16b0818eb96e0698529bd", "clientId": "76bd13c9636958d2983551e08b9dffe6", "registerDate": "2021-05-11T00:00:00", "installments": [{"installmentId": "6dffd95b33a3e4632fd5949212de8f88", "dueDate": "2021-07-13T00:00:00", "installmentValue": "22.00"}, {"installmentId": "184a31e0fbd516848c4341f7ef78e032", "dueDate": "2021-06-13T00:00:00", "installmentValue": "22.00"}, {"installmentId": "ebfdc29182d771ffce9e6f4477c3bc68", "dueDate": "2021-10-13T00:00:00", "installmentValue": "21.98"}, {"installmentId": "7b44dedc7a7baedac72edd1fae2e13d8", "dueDate": "2021-08-13T00:00:00", "installmentValue": "22.00"}, {"installmentId": "184cbe43d1bde6e5ba138ec116af1e86", "dueDate": "2021-09-13T00:00:00", "installmentValue": "22.00"}]}