{"originationId": "ef8490ea0cb13c6b0fc459465ac5e8d5", "clientId": "53d430e305696e5408f3bbe05acda641", "registerDate": "2021-01-24T00:00:00", "installments": [{"installmentId": "900bb2b8885990bc8a81982d4abeeb73", "dueDate": "2021-04-10T00:00:00", "installmentValue": "147.97"}, {"installmentId": "471485b1f86dfc7880ae80f490c0dbf5", "dueDate": "2021-05-10T00:00:00", "installmentValue": "147.97"}, {"installmentId": "729ac8b02d25190b714ff73110f16e99", "dueDate": "2021-07-10T00:00:00", "installmentValue": "147.95"}, {"installmentId": "9b9ef0e4265976cc3b851e7009f40044", "dueDate": "2021-03-10T00:00:00", "installmentValue": "147.97"}, {"installmentId": "5ce4437e2c12584c7f643be8201a9be2", "dueDate": "2021-06-10T00:00:00", "installmentValue": "147.97"}]}