{"originationId": "f017fa43bcf416673ef7078d35e0753d", "clientId": "19afba4a538865869f6d47e89533eec6", "registerDate": "2021-04-09T00:00:00", "installments": [{"installmentId": "1caabb00c863dd0c9deea5a5db23890f", "dueDate": "2021-05-15T00:00:00", "installmentValue": "43.98"}, {"installmentId": "d1e86773bfb7e45f7a4c7a9cb6b79cc0", "dueDate": "2021-09-15T00:00:00", "installmentValue": "44.00"}, {"installmentId": "e44a36da8050db82d0224178d6bfe59e", "dueDate": "2021-07-15T00:00:00", "installmentValue": "43.98"}, {"installmentId": "84955ade073df61d47cbd3984b18d1bb", "dueDate": "2021-08-15T00:00:00", "installmentValue": "43.98"}, {"installmentId": "66313447e9fcfc9a2230bfd4c279d628", "dueDate": "2021-06-15T00:00:00", "installmentValue": "43.98"}]}