{"originationId": "f10a3262f5ac4a359f6c53a6f86d3645", "clientId": "ae6de62667d399d67a0a4e99a615144b", "registerDate": "2021-06-27T00:00:00", "installments": [{"installmentId": "e6b86e3bffeec368a025d7100cd1ce2c", "dueDate": "2021-12-15T00:00:00", "installmentValue": "13.50"}, {"installmentId": "2b5d28e84313bba663ecf0920625606a", "dueDate": "2021-11-15T00:00:00", "installmentValue": "13.50"}, {"installmentId": "c92e0485d1fecace8b8c22d086989800", "dueDate": "2022-03-15T00:00:00", "installmentValue": "13.50"}, {"installmentId": "411cd40a1e0116661a810bc67334d0e4", "dueDate": "2022-05-15T00:00:00", "installmentValue": "13.48"}, {"installmentId": "6bc0c999831f1af3c448869d90bf65dc", "dueDate": "2021-08-15T00:00:00", "installmentValue": "13.50"}, {"installmentId": "d2cc5960b164bdacb62c2657c2302521", "dueDate": "2022-02-15T00:00:00", "installmentValue": "13.50"}, {"installmentId": "2ae5d5461b040a3c1d91a3517d68fa83", "dueDate": "2021-10-15T00:00:00", "installmentValue": "13.50"}, {"installmentId": "af11c67e31ccdce550e12785a06462b7", "dueDate": "2021-09-15T00:00:00", "installmentValue": "13.50"}, {"installmentId": "9d4baac134b9a268f6d0aee289a1833d", "dueDate": "2022-04-15T00:00:00", "installmentValue": "13.50"}, {"installmentId": "c786be52b0219f8ba4e80614383015e8", "dueDate": "2022-01-15T00:00:00", "installmentValue": "13.50"}]}