{"originationId": "f33eb472bedacfcaf2e78b390b6174b4", "clientId": "1f1a7e7c2a0633d4524c9fadd0ec0368", "registerDate": "2021-04-13T00:00:00", "installments": [{"installmentId": "a41ea55d6f168290a7b89ac29c7658de", "dueDate": "2021-07-15T00:00:00", "installmentValue": "80.99"}, {"installmentId": "1046976a5010a7cc2641d7292f94df9e", "dueDate": "2021-09-15T00:00:00", "installmentValue": "80.98"}, {"installmentId": "f41cffb4ac6c1808dfe6b6d83c37472a", "dueDate": "2021-06-15T00:00:00", "installmentValue": "80.99"}, {"installmentId": "37f3a4fa4f69760449b6bd432a430d2b", "dueDate": "2021-05-15T00:00:00", "installmentValue": "80.99"}, {"installmentId": "dff35152c11f9af07f61defd2c050378", "dueDate": "2021-08-15T00:00:00", "installmentValue": "80.99"}]}