{"originationId": "f378e00097c8a0ed1763216ed04643cc", "clientId": "b3ed3b856056396eac59b1aab17aa23a", "registerDate": "2021-04-15T00:00:00", "installments": [{"installmentId": "ae9f691c1c09e11ffa6227cc83eeba3f", "dueDate": "2021-05-15T00:00:00", "installmentValue": "12.99"}, {"installmentId": "32bd6068d89c3fec560161f00a0066e9", "dueDate": "2021-08-15T00:00:00", "installmentValue": "12.99"}, {"installmentId": "0db4e6403d888fd5ad15c1b898d2be5e", "dueDate": "2021-06-15T00:00:00", "installmentValue": "12.99"}, {"installmentId": "adba391e3e9dbec83166e58cebc0d302", "dueDate": "2021-07-15T00:00:00", "installmentValue": "12.99"}, {"installmentId": "1bfc394843bb45f7edaebd1d636b3339", "dueDate": "2021-09-15T00:00:00", "installmentValue": "13.01"}]}