{"originationId": "f7d66c8d37d18066c5379c4756ac33d5", "clientId": "9644ab7c96a04b37a43740e83c22abb1", "registerDate": "2021-05-08T00:00:00", "installments": [{"installmentId": "3f2b012656700337dad661e56655396d", "dueDate": "2021-08-15T00:00:00", "installmentValue": "39.99"}, {"installmentId": "6c58371c19ce612f17eddee8b2ad322c", "dueDate": "2021-10-15T00:00:00", "installmentValue": "40.00"}, {"installmentId": "5a896f19251ea898f62db5768cc78a52", "dueDate": "2021-09-15T00:00:00", "installmentValue": "39.99"}, {"installmentId": "800afd0221fef19e5bee52d79a5c178f", "dueDate": "2021-06-15T00:00:00", "installmentValue": "39.99"}, {"installmentId": "a45bd026ed8ddf8a71e914ce4b2321a8", "dueDate": "2021-07-15T00:00:00", "installmentValue": "39.99"}]}