{"originationId": "fa691c3feb982df71759519b4bfd3302", "clientId": "465c90e4f838dca50083d3620da11178", "registerDate": "2021-05-22T00:00:00", "installments": [{"installmentId": "d842a95b780386b23c3da9c15876a19c", "dueDate": "2021-08-10T00:00:00", "installmentValue": "69.38"}, {"installmentId": "16a1ac12284a3541757a3920edb41048", "dueDate": "2021-07-10T00:00:00", "installmentValue": "69.38"}, {"installmentId": "ec13c3a0428ee179d461b236d0406a7f", "dueDate": "2021-11-10T00:00:00", "installmentValue": "69.37"}, {"installmentId": "c9cd7a49fc88ec3754aeafae7a3922ff", "dueDate": "2021-10-10T00:00:00", "installmentValue": "69.38"}, {"installmentId": "5d5e64b746ba1ebe1c2cedf0b87c1368", "dueDate": "2021-09-10T00:00:00", "installmentValue": "69.38"}]}