{"originationId": "faf747315fffc2287e13b928410e3c7f", "clientId": "443337ae97f64a5537e2b8ca80fc1d69", "registerDate": "2021-01-31T00:00:00", "installments": [{"installmentId": "946ee5f07a1646d3837cf5cb34ebe736", "dueDate": "2021-12-10T00:00:00", "installmentValue": "12.22"}, {"installmentId": "0404a08179e25dbf2e1e05120a7211cd", "dueDate": "2021-10-10T00:00:00", "installmentValue": "12.24"}, {"installmentId": "8f22a4222e24a11d44454767d25df93c", "dueDate": "2021-09-10T00:00:00", "installmentValue": "12.24"}, {"installmentId": "70d56f0fea08263e6a83e64e6cc7dc66", "dueDate": "2021-04-10T00:00:00", "installmentValue": "76.00"}, {"installmentId": "a1f835bdf7ab51131df240a0d732e7be", "dueDate": "2021-06-10T00:00:00", "installmentValue": "76.00"}, {"installmentId": "75f1bef79f929c801f677e47b863b6cd", "dueDate": "2021-05-10T00:00:00", "installmentValue": "76.00"}, {"installmentId": "6d498e139ae600dc3004eb7f09578e4d", "dueDate": "2021-08-10T00:00:00", "installmentValue": "12.24"}, {"installmentId": "bed67b8d5ac329cbc9ede98f3c91f6a3", "dueDate": "2021-11-10T00:00:00", "installmentValue": "12.24"}, {"installmentId": "ffb92626bdddbbaeffc4a037fd57b51f", "dueDate": "2021-03-10T00:00:00", "installmentValue": "76"}, {"installmentId": "41debe348594fa829cdfc67bcd6dcfd1", "dueDate": "2021-07-10T00:00:00", "installmentValue": "76.00"}]}