{"originationId": "fe3825940fe4cfc467523ea2be538e30", "clientId": "525de972e2151ca6fd6ede0f7e6a5ffd", "registerDate": "2021-03-11T00:00:00", "installments": [{"installmentId": "39783feb0d2ad62568b237c8eca13c2c", "dueDate": "2021-05-25T00:00:00", "installmentValue": "119.96"}, {"installmentId": "fd06e62dc96a81b82c504174982be582", "dueDate": "2021-10-25T00:00:00", "installmentValue": "119.96"}, {"installmentId": "ff7af22eae674e691c589334f5c833a4", "dueDate": "2021-12-25T00:00:00", "installmentValue": "119.96"}, {"installmentId": "9366f4db73d2b8aff97401c721277f66", "dueDate": "2021-06-25T00:00:00", "installmentValue": "119.96"}, {"installmentId": "ba45fb079add279fc5e59afae0e75170", "dueDate": "2021-09-25T00:00:00", "installmentValue": "119.96"}, {"installmentId": "c5fbf0c26d61f651811c3cbb059de1e6", "dueDate": "2021-08-25T00:00:00", "installmentValue": "119.96"}, {"installmentId": "403908092c5752f7ae28c0eae88792c2", "dueDate": "2021-04-25T00:00:00", "installmentValue": "119.96"}, {"installmentId": "8038b103cc632d5bb5ebfb6b040acc70", "dueDate": "2021-07-25T00:00:00", "installmentValue": "119.96"}, {"installmentId": "82ec631578ef0ef85ab81c5856b8be02", "dueDate": "2021-03-25T00:00:00", "installmentValue": "119.96"}, {"installmentId": "66d40e6a86c97677e1d8ec79d088f83d", "dueDate": "2021-11-25T00:00:00", "installmentValue": "119.96"}]}