{"originationId": "fe7d942e0769c2dd79698137a27d70a6", "clientId": "a32eb044ef4f094c78e8bbcd2df88125", "registerDate": "2021-04-30T00:00:00", "installments": [{"installmentId": "754758ba7cc45f2fd8c8057401e1cb8a", "dueDate": "2021-10-10T00:00:00", "installmentValue": "40.00"}, {"installmentId": "fea2eff9ea4629a883948052eed6382d", "dueDate": "2021-09-10T00:00:00", "installmentValue": "40.00"}, {"installmentId": "8c027a590155823f2902f036d410e3ef", "dueDate": "2021-08-10T00:00:00", "installmentValue": "40.00"}, {"installmentId": "f8ffa37423c3be9f54e36d99ead6c309", "dueDate": "2021-06-10T00:00:00", "installmentValue": "40.00"}, {"installmentId": "5c3e926180a4c660148d368cec81b334", "dueDate": "2021-07-10T00:00:00", "installmentValue": "40.00"}]}