{"originationId": "fe8dd44f85a8568ea41f60ae5ffc0a2c", "clientId": "91d456301e9189bf09a2c6c245ba3f50", "registerDate": "2021-03-24T00:00:00", "installments": [{"installmentId": "f1b387d6398128d757b2f26a14dc44b7", "dueDate": "2022-02-10T00:00:00", "installmentValue": "23.92"}, {"installmentId": "15d025fa181c912ac0fb45c893efdc02", "dueDate": "2021-11-10T00:00:00", "installmentValue": "23.89"}, {"installmentId": "0fb88910ab0754500bd6d1e85e14037e", "dueDate": "2021-05-10T00:00:00", "installmentValue": "61.88"}, {"installmentId": "3c56cd458070c4aa816670baa0f5c99b", "dueDate": "2021-10-10T00:00:00", "installmentValue": "23.89"}, {"installmentId": "86420c1faaaa14866152755cb4d2c965", "dueDate": "2021-09-10T00:00:00", "installmentValue": "61.88"}, {"installmentId": "32b078d4b3075fcacf7e16a18c57fd01", "dueDate": "2022-01-10T00:00:00", "installmentValue": "23.89"}, {"installmentId": "8a0bf561632836202eaa4e7ee2504c0a", "dueDate": "2021-08-10T00:00:00", "installmentValue": "61.88"}, {"installmentId": "e4f52cae060a0454ee4f96700aea9449", "dueDate": "2021-06-10T00:00:00", "installmentValue": "61.88"}, {"installmentId": "df702ccae26efde078ab1063173cd266", "dueDate": "2021-07-10T00:00:00", "installmentValue": "61.88"}, {"installmentId": "b03b6aebd5a2fa95d5e5f3a6d906bad7", "dueDate": "2021-12-10T00:00:00", "installmentValue": "23.89"}]}