{"originationId": "ff13875f319ed347822fdeefaa577ef0", "clientId": "a32eb044ef4f094c78e8bbcd2df88125", "registerDate": "2021-06-25T00:00:00", "installments": [{"installmentId": "95bd40ed8c51b00b959414f44ca1cc03", "dueDate": "2022-03-10T00:00:00", "installmentValue": "408.99"}, {"installmentId": "9ebf500ac31313a269885de4be67165c", "dueDate": "2021-12-10T00:00:00", "installmentValue": "408.99"}, {"installmentId": "3a33d90208e1d4dcabd502c03aa1fed5", "dueDate": "2022-05-10T00:00:00", "installmentValue": "408.95"}, {"installmentId": "12abb83fd107556bc822a79fd8f94682", "dueDate": "2022-04-10T00:00:00", "installmentValue": "408.99"}, {"installmentId": "051fdb8c39158a3fe1a87709dc8bc377", "dueDate": "2021-08-10T00:00:00", "installmentValue": "408.99"}, {"installmentId": "ccd1b357a0a15c1db3b49a1da0a90a81", "dueDate": "2021-09-10T00:00:00", "installmentValue": "408.99"}, {"installmentId": "642e51ace902b1a68a46ab46832d986d", "dueDate": "2022-01-10T00:00:00", "installmentValue": "408.99"}, {"installmentId": "9e4833b0b61b77c956cafb16c0d163e8", "dueDate": "2021-10-10T00:00:00", "installmentValue": "408.99"}, {"installmentId": "6f9ba26a6cb403f961a53205f6fc8582", "dueDate": "2021-11-10T00:00:00", "installmentValue": "408.99"}, {"installmentId": "91f3f8775c6469d10901b2ca3a356eca", "dueDate": "2022-02-10T00:00:00", "installmentValue": "408.99"}]}