{"originationId": "ff15c657add2bbc5b871ee4cd44e44ba", "clientId": "2c56da5a988614d10e06a70eb912b67a", "registerDate": "2021-04-27T00:00:00", "installments": [{"installmentId": "a174410e60045d7cffdf522c2b53aa34", "dueDate": "2021-06-15T00:00:00", "installmentValue": "20.00"}, {"installmentId": "44f89db859f87722c59cfcdbfb0d5260", "dueDate": "2021-08-15T00:00:00", "installmentValue": "20.00"}, {"installmentId": "2794ffb2be453aff97c6452c647cf640", "dueDate": "2021-07-15T00:00:00", "installmentValue": "20.00"}, {"installmentId": "c412e888af320f76c3767e8409f51634", "dueDate": "2021-09-15T00:00:00", "installmentValue": "19.98"}]}