{"originationId": "ff94972fd61fb0f26c7fb1634010cd97", "clientId": "83f62d7630c968c654129afa4c7136a6", "registerDate": "2021-04-30T00:00:00", "installments": [{"installmentId": "8c0245abd50945f8e54ed868167bced6", "dueDate": "2021-09-10T00:00:00", "installmentValue": "12.79"}, {"installmentId": "99de6cc870a21dbf57070cdc008caabe", "dueDate": "2021-08-10T00:00:00", "installmentValue": "12.79"}, {"installmentId": "d68cef03a43053668aba975cf1612655", "dueDate": "2021-06-10T00:00:00", "installmentValue": "12.79"}, {"installmentId": "9ddcd716194b1ef616ed50b7dfe46ba9", "dueDate": "2021-07-10T00:00:00", "installmentValue": "12.79"}, {"installmentId": "e2b9b0d54aa10591a2156bc762bc7d06", "dueDate": "2021-10-10T00:00:00", "installmentValue": "12.81"}]}